Test: static shards ...
2025/05/24 11:30:54 1 recieve oldConfig...kv.lastConfig:{0 [0 0 0 0 0 0 0 0 0 0] map[]}, newConfig:{0 [0 0 0 0 0 0 0 0 0 0] map[]}
2025/05/24 11:30:54 1 recieve oldConfig...kv.lastConfig:{0 [0 0 0 0 0 0 0 0 0 0] map[]}, newConfig:{0 [0 0 0 0 0 0 0 0 0 0] map[]}
2025/05/24 11:30:54 1 recieve oldConfig...kv.lastConfig:{0 [0 0 0 0 0 0 0 0 0 0] map[]}, newConfig:{0 [0 0 0 0 0 0 0 0 0 0] map[]}
2025/05/24 11:30:54 1 recieve oldConfig...kv.lastConfig:{0 [0 0 0 0 0 0 0 0 0 0] map[]}, newConfig:{0 [0 0 0 0 0 0 0 0 0 0] map[]}
2025/05/24 11:30:54 1 recieve oldConfig...kv.lastConfig:{0 [0 0 0 0 0 0 0 0 0 0] map[]}, newConfig:{0 [0 0 0 0 0 0 0 0 0 0] map[]}
2025/05/24 11:30:54 0 recieve newConfig...kv.lastConfig:{0 [0 0 0 0 0 0 0 0 0 0] map[]}, newConfig:{1 [100 100 100 100 100 100 100 100 100 100] map[100:[server-100-0 server-100-1 server-100-2]]}
2025/05/24 11:30:54 1 recieve oldConfig...kv.lastConfig:{0 [0 0 0 0 0 0 0 0 0 0] map[]}, newConfig:{0 [0 0 0 0 0 0 0 0 0 0] map[]}
2025/05/24 11:30:54 0 recieve newConfig...kv.lastConfig:{0 [0 0 0 0 0 0 0 0 0 0] map[]}, newConfig:{1 [100 100 100 100 100 100 100 100 100 100] map[100:[server-100-0 server-100-1 server-100-2]]}
2025/05/24 11:30:54 0 apply receive msg:{true {  Config 0 0 {1 [100 100 100 100 100 100 100 100 100 100] map[100:[server-100-0 server-100-1 server-100-2]]} map[] map[]} 1}
2025/05/24 11:30:54 0 is leader before AskMoveShardsRPC
2025/05/24 11:30:54 0 begin AskMoveShardsRPC oldConfig:&{0 [0 0 0 0 0 0 0 0 0 0] map[]}, newConfig:&{1 [100 100 100 100 100 100 100 100 100 100] map[100:[server-100-0 server-100-1 server-100-2]]}
2025/05/24 11:30:54 0 apply receive msg:{true {  Config 0 0 {1 [100 100 100 100 100 100 100 100 100 100] map[100:[server-100-0 server-100-1 server-100-2]]} map[] map[]} 1}
2025/05/24 11:30:54 0 is leader before AskMoveShardsRPC
2025/05/24 11:30:54 0 begin AskMoveShardsRPC oldConfig:&{0 [0 0 0 0 0 0 0 0 0 0] map[]}, newConfig:&{1 [100 100 100 100 100 100 100 100 100 100] map[100:[server-100-0 server-100-1 server-100-2]]}
2025/05/24 11:30:54 1 recieve newConfig...kv.lastConfig:{0 [0 0 0 0 0 0 0 0 0 0] map[]}, newConfig:{1 [100 100 100 100 100 100 100 100 100 100] map[100:[server-100-0 server-100-1 server-100-2]]}
2025/05/24 11:30:54 1 apply receive msg:{true {  Config 0 0 {1 [100 100 100 100 100 100 100 100 100 100] map[100:[server-100-0 server-100-1 server-100-2]]} map[] map[]} 1}
2025/05/24 11:30:54 1 is leader before AskMoveShardsRPC
2025/05/24 11:30:54 1 begin AskMoveShardsRPC oldConfig:&{0 [0 0 0 0 0 0 0 0 0 0] map[]}, newConfig:&{1 [100 100 100 100 100 100 100 100 100 100] map[100:[server-100-0 server-100-1 server-100-2]]}
2025/05/24 11:30:54 1 begin ShardsUpdateHandler, NeedAddKvs:map[]
2025/05/24 11:30:54 1 config update,kv.lastConfig:{0 [0 0 0 0 0 0 0 0 0 0] map[]}, newConfig:&{1 [100 100 100 100 100 100 100 100 100 100] map[100:[server-100-0 server-100-1 server-100-2]]}
2025/05/24 11:30:54 1 config update after,kv.lastConfig:{1 [100 100 100 100 100 100 100 100 100 100] map[100:[server-100-0 server-100-1 server-100-2]]}, newConfig:&{1 [100 100 100 100 100 100 100 100 100 100] map[100:[server-100-0 server-100-1 server-100-2]]}
2025/05/24 11:30:54 1 is leader index: -1
2025/05/24 11:30:54 2 apply receive msg:{true {  Config 0 0 {1 [100 100 100 100 100 100 100 100 100 100] map[100:[server-100-0 server-100-1 server-100-2]]} map[] map[]} 1}
2025/05/24 11:30:54 1 apply receive msg:{true {  Config 0 0 {1 [100 100 100 100 100 100 100 100 100 100] map[100:[server-100-0 server-100-1 server-100-2]]} map[] map[]} 1}
2025/05/24 11:30:54 2 config update,kv.lastConfig:{0 [0 0 0 0 0 0 0 0 0 0] map[]}, newConfig:{1 [100 100 100 100 100 100 100 100 100 100] map[100:[server-100-0 server-100-1 server-100-2]]}
2025/05/24 11:30:54 1 config update,kv.lastConfig:{0 [0 0 0 0 0 0 0 0 0 0] map[]}, newConfig:{1 [100 100 100 100 100 100 100 100 100 100] map[100:[server-100-0 server-100-1 server-100-2]]}
2025/05/24 11:30:54 2 config update after,kv.lastConfig:{1 [100 100 100 100 100 100 100 100 100 100] map[100:[server-100-0 server-100-1 server-100-2]]}, newConfig:{1 [100 100 100 100 100 100 100 100 100 100] map[100:[server-100-0 server-100-1 server-100-2]]}
2025/05/24 11:30:54 1 config update after,kv.lastConfig:{1 [100 100 100 100 100 100 100 100 100 100] map[100:[server-100-0 server-100-1 server-100-2]]}, newConfig:{1 [100 100 100 100 100 100 100 100 100 100] map[100:[server-100-0 server-100-1 server-100-2]]}
2025/05/24 11:30:54 2 apply receive msg:{true {  Config 0 0 {1 [100 100 100 100 100 100 100 100 100 100] map[100:[server-100-0 server-100-1 server-100-2]]} map[] map[]} 1}
2025/05/24 11:30:54 1 apply receive msg:{true {  Config 0 0 {1 [100 100 100 100 100 100 100 100 100 100] map[100:[server-100-0 server-100-1 server-100-2]]} map[] map[]} 1}
2025/05/24 11:30:54 2 config update,kv.lastConfig:{0 [0 0 0 0 0 0 0 0 0 0] map[]}, newConfig:{1 [100 100 100 100 100 100 100 100 100 100] map[100:[server-100-0 server-100-1 server-100-2]]}
2025/05/24 11:30:54 1 config update,kv.lastConfig:{0 [0 0 0 0 0 0 0 0 0 0] map[]}, newConfig:{1 [100 100 100 100 100 100 100 100 100 100] map[100:[server-100-0 server-100-1 server-100-2]]}
2025/05/24 11:30:54 2 config update after,kv.lastConfig:{1 [100 100 100 100 100 100 100 100 100 100] map[100:[server-100-0 server-100-1 server-100-2]]}, newConfig:{1 [100 100 100 100 100 100 100 100 100 100] map[100:[server-100-0 server-100-1 server-100-2]]}
2025/05/24 11:30:54 1 config update after,kv.lastConfig:{1 [100 100 100 100 100 100 100 100 100 100] map[100:[server-100-0 server-100-1 server-100-2]]}, newConfig:{1 [100 100 100 100 100 100 100 100 100 100] map[100:[server-100-0 server-100-1 server-100-2]]}
2025/05/24 11:30:54 0 recieve newConfig...kv.lastConfig:{1 [100 100 100 100 100 100 100 100 100 100] map[100:[server-100-0 server-100-1 server-100-2]]}, newConfig:{2 [100 100 100 100 100 101 101 101 101 101] map[100:[server-100-0 server-100-1 server-100-2] 101:[server-101-0 server-101-1 server-101-2]]}
2025/05/24 11:30:54 0 recieve newConfig...kv.lastConfig:{1 [100 100 100 100 100 100 100 100 100 100] map[100:[server-100-0 server-100-1 server-100-2]]}, newConfig:{2 [100 100 100 100 100 101 101 101 101 101] map[100:[server-100-0 server-100-1 server-100-2] 101:[server-101-0 server-101-1 server-101-2]]}
2025/05/24 11:30:54 0 apply receive msg:{true {  Config 0 0 {1 [100 100 100 100 100 100 100 100 100 100] map[100:[server-100-0 server-100-1 server-100-2]]} map[] map[]} 1}
2025/05/24 11:30:54 2 apply receive msg:{true {  Config 0 0 {1 [100 100 100 100 100 100 100 100 100 100] map[100:[server-100-0 server-100-1 server-100-2]]} map[] map[]} 1}
2025/05/24 11:30:54 0 config update,kv.lastConfig:{0 [0 0 0 0 0 0 0 0 0 0] map[]}, newConfig:{1 [100 100 100 100 100 100 100 100 100 100] map[100:[server-100-0 server-100-1 server-100-2]]}
2025/05/24 11:30:54 2 config update,kv.lastConfig:{0 [0 0 0 0 0 0 0 0 0 0] map[]}, newConfig:{1 [100 100 100 100 100 100 100 100 100 100] map[100:[server-100-0 server-100-1 server-100-2]]}
2025/05/24 11:30:54 0 config update after,kv.lastConfig:{1 [100 100 100 100 100 100 100 100 100 100] map[100:[server-100-0 server-100-1 server-100-2]]}, newConfig:{1 [100 100 100 100 100 100 100 100 100 100] map[100:[server-100-0 server-100-1 server-100-2]]}
2025/05/24 11:30:54 2 config update after,kv.lastConfig:{1 [100 100 100 100 100 100 100 100 100 100] map[100:[server-100-0 server-100-1 server-100-2]]}, newConfig:{1 [100 100 100 100 100 100 100 100 100 100] map[100:[server-100-0 server-100-1 server-100-2]]}
2025/05/24 11:30:54 0 apply receive msg:{true {  Config 0 0 {2 [100 100 100 100 100 101 101 101 101 101] map[100:[server-100-0 server-100-1 server-100-2] 101:[server-101-0 server-101-1 server-101-2]]} map[] map[]} 2}
2025/05/24 11:30:54 0 repeat msg:{true {  Config 0 0 {2 [100 100 100 100 100 101 101 101 101 101] map[100:[server-100-0 server-100-1 server-100-2] 101:[server-101-0 server-101-1 server-101-2]]} map[] map[]} 2}
2025/05/24 11:30:54 0 apply receive msg:{true {  Config 0 0 {2 [100 100 100 100 100 101 101 101 101 101] map[100:[server-100-0 server-100-1 server-100-2] 101:[server-101-0 server-101-1 server-101-2]]} map[] map[]} 2}
2025/05/24 11:30:54 0 repeat msg:{true {  Config 0 0 {2 [100 100 100 100 100 101 101 101 101 101] map[100:[server-100-0 server-100-1 server-100-2] 101:[server-101-0 server-101-1 server-101-2]]} map[] map[]} 2}
2025/05/24 11:30:54 3217617135988243607 cli begin PutAppend, 101
2025/05/24 11:30:54 1 recieve newConfig...kv.lastConfig:{1 [100 100 100 100 100 100 100 100 100 100] map[100:[server-100-0 server-100-1 server-100-2]]}, newConfig:{2 [100 100 100 100 100 101 101 101 101 101] map[100:[server-100-0 server-100-1 server-100-2] 101:[server-101-0 server-101-1 server-101-2]]}
2025/05/24 11:30:54 server 0 begin putAppend, kv.lastConfig:{1 [100 100 100 100 100 100 100 100 100 100] map[100:[server-100-0 server-100-1 server-100-2]]} key2shard(args.Key):8, kv.gid:101
2025/05/24 11:30:54 3217617135988243607 cli finish PutAppend, {ErrWrongGroup}
2025/05/24 11:30:54 1 apply receive msg:{true {  Config 0 0 {2 [100 100 100 100 100 101 101 101 101 101] map[100:[server-100-0 server-100-1 server-100-2] 101:[server-101-0 server-101-1 server-101-2]]} map[] map[]} 2}
2025/05/24 11:30:54 1 repeat msg:{true {  Config 0 0 {2 [100 100 100 100 100 101 101 101 101 101] map[100:[server-100-0 server-100-1 server-100-2] 101:[server-101-0 server-101-1 server-101-2]]} map[] map[]} 2}
2025/05/24 11:30:54 1 apply receive msg:{true {  Config 0 0 {2 [100 100 100 100 100 101 101 101 101 101] map[100:[server-100-0 server-100-1 server-100-2] 101:[server-101-0 server-101-1 server-101-2]]} map[] map[]} 2}
2025/05/24 11:30:54 2 apply receive msg:{true {  Config 0 0 {2 [100 100 100 100 100 101 101 101 101 101] map[100:[server-100-0 server-100-1 server-100-2] 101:[server-101-0 server-101-1 server-101-2]]} map[] map[]} 2}
2025/05/24 11:30:54 1 repeat msg:{true {  Config 0 0 {2 [100 100 100 100 100 101 101 101 101 101] map[100:[server-100-0 server-100-1 server-100-2] 101:[server-101-0 server-101-1 server-101-2]]} map[] map[]} 2}
2025/05/24 11:30:54 2 repeat msg:{true {  Config 0 0 {2 [100 100 100 100 100 101 101 101 101 101] map[100:[server-100-0 server-100-1 server-100-2] 101:[server-101-0 server-101-1 server-101-2]]} map[] map[]} 2}
2025/05/24 11:30:54 1 apply receive msg:{true {  Config 0 0 {2 [100 100 100 100 100 101 101 101 101 101] map[100:[server-100-0 server-100-1 server-100-2] 101:[server-101-0 server-101-1 server-101-2]]} map[] map[]} 2}
2025/05/24 11:30:54 2 apply receive msg:{true {  Config 0 0 {2 [100 100 100 100 100 101 101 101 101 101] map[100:[server-100-0 server-100-1 server-100-2] 101:[server-101-0 server-101-1 server-101-2]]} map[] map[]} 2}
2025/05/24 11:30:54 1 repeat msg:{true {  Config 0 0 {2 [100 100 100 100 100 101 101 101 101 101] map[100:[server-100-0 server-100-1 server-100-2] 101:[server-101-0 server-101-1 server-101-2]]} map[] map[]} 2}
2025/05/24 11:30:54 2 repeat msg:{true {  Config 0 0 {2 [100 100 100 100 100 101 101 101 101 101] map[100:[server-100-0 server-100-1 server-100-2] 101:[server-101-0 server-101-1 server-101-2]]} map[] map[]} 2}
2025/05/24 11:30:54 0 recieve newConfig...kv.lastConfig:{1 [100 100 100 100 100 100 100 100 100 100] map[100:[server-100-0 server-100-1 server-100-2]]}, newConfig:{2 [100 100 100 100 100 101 101 101 101 101] map[100:[server-100-0 server-100-1 server-100-2] 101:[server-101-0 server-101-1 server-101-2]]}
2025/05/24 11:30:54 0 recieve newConfig...kv.lastConfig:{1 [100 100 100 100 100 100 100 100 100 100] map[100:[server-100-0 server-100-1 server-100-2]]}, newConfig:{2 [100 100 100 100 100 101 101 101 101 101] map[100:[server-100-0 server-100-1 server-100-2] 101:[server-101-0 server-101-1 server-101-2]]}
2025/05/24 11:30:54 0 apply receive msg:{true {  Config 0 0 {2 [100 100 100 100 100 101 101 101 101 101] map[100:[server-100-0 server-100-1 server-100-2] 101:[server-101-0 server-101-1 server-101-2]]} map[] map[]} 2}
2025/05/24 11:30:54 2 apply receive msg:{true {  Config 0 0 {2 [100 100 100 100 100 101 101 101 101 101] map[100:[server-100-0 server-100-1 server-100-2] 101:[server-101-0 server-101-1 server-101-2]]} map[] map[]} 2}
2025/05/24 11:30:54 0 repeat msg:{true {  Config 0 0 {2 [100 100 100 100 100 101 101 101 101 101] map[100:[server-100-0 server-100-1 server-100-2] 101:[server-101-0 server-101-1 server-101-2]]} map[] map[]} 2}
2025/05/24 11:30:54 2 repeat msg:{true {  Config 0 0 {2 [100 100 100 100 100 101 101 101 101 101] map[100:[server-100-0 server-100-1 server-100-2] 101:[server-101-0 server-101-1 server-101-2]]} map[] map[]} 2}
2025/05/24 11:30:54 0 apply receive msg:{true {  Config 0 0 {2 [100 100 100 100 100 101 101 101 101 101] map[100:[server-100-0 server-100-1 server-100-2] 101:[server-101-0 server-101-1 server-101-2]]} map[] map[]} 3}
2025/05/24 11:30:54 0 repeat msg:{true {  Config 0 0 {2 [100 100 100 100 100 101 101 101 101 101] map[100:[server-100-0 server-100-1 server-100-2] 101:[server-101-0 server-101-1 server-101-2]]} map[] map[]} 3}
2025/05/24 11:30:54 0 apply receive msg:{true {  Config 0 0 {2 [100 100 100 100 100 101 101 101 101 101] map[100:[server-100-0 server-100-1 server-100-2] 101:[server-101-0 server-101-1 server-101-2]]} map[] map[]} 3}
2025/05/24 11:30:54 3217617135988243607 cli begin PutAppend, 101
2025/05/24 11:30:54 0 repeat msg:{true {  Config 0 0 {2 [100 100 100 100 100 101 101 101 101 101] map[100:[server-100-0 server-100-1 server-100-2] 101:[server-101-0 server-101-1 server-101-2]]} map[] map[]} 3}
2025/05/24 11:30:54 1 recieve newConfig...kv.lastConfig:{1 [100 100 100 100 100 100 100 100 100 100] map[100:[server-100-0 server-100-1 server-100-2]]}, newConfig:{2 [100 100 100 100 100 101 101 101 101 101] map[100:[server-100-0 server-100-1 server-100-2] 101:[server-101-0 server-101-1 server-101-2]]}
2025/05/24 11:30:54 server 0 begin putAppend, kv.lastConfig:{1 [100 100 100 100 100 100 100 100 100 100] map[100:[server-100-0 server-100-1 server-100-2]]} key2shard(args.Key):8, kv.gid:101
2025/05/24 11:30:54 3217617135988243607 cli finish PutAppend, {ErrWrongGroup}
2025/05/24 11:30:54 1 apply receive msg:{true {  Config 0 0 {2 [100 100 100 100 100 101 101 101 101 101] map[100:[server-100-0 server-100-1 server-100-2] 101:[server-101-0 server-101-1 server-101-2]]} map[] map[]} 3}
2025/05/24 11:30:54 1 repeat msg:{true {  Config 0 0 {2 [100 100 100 100 100 101 101 101 101 101] map[100:[server-100-0 server-100-1 server-100-2] 101:[server-101-0 server-101-1 server-101-2]]} map[] map[]} 3}
2025/05/24 11:30:54 2 apply receive msg:{true {  Config 0 0 {2 [100 100 100 100 100 101 101 101 101 101] map[100:[server-100-0 server-100-1 server-100-2] 101:[server-101-0 server-101-1 server-101-2]]} map[] map[]} 3}
2025/05/24 11:30:54 1 apply receive msg:{true {  Config 0 0 {2 [100 100 100 100 100 101 101 101 101 101] map[100:[server-100-0 server-100-1 server-100-2] 101:[server-101-0 server-101-1 server-101-2]]} map[] map[]} 3}
2025/05/24 11:30:54 2 repeat msg:{true {  Config 0 0 {2 [100 100 100 100 100 101 101 101 101 101] map[100:[server-100-0 server-100-1 server-100-2] 101:[server-101-0 server-101-1 server-101-2]]} map[] map[]} 3}
2025/05/24 11:30:54 1 repeat msg:{true {  Config 0 0 {2 [100 100 100 100 100 101 101 101 101 101] map[100:[server-100-0 server-100-1 server-100-2] 101:[server-101-0 server-101-1 server-101-2]]} map[] map[]} 3}
2025/05/24 11:30:54 2 apply receive msg:{true {  Config 0 0 {2 [100 100 100 100 100 101 101 101 101 101] map[100:[server-100-0 server-100-1 server-100-2] 101:[server-101-0 server-101-1 server-101-2]]} map[] map[]} 3}
2025/05/24 11:30:54 1 apply receive msg:{true {  Config 0 0 {2 [100 100 100 100 100 101 101 101 101 101] map[100:[server-100-0 server-100-1 server-100-2] 101:[server-101-0 server-101-1 server-101-2]]} map[] map[]} 3}
2025/05/24 11:30:54 2 repeat msg:{true {  Config 0 0 {2 [100 100 100 100 100 101 101 101 101 101] map[100:[server-100-0 server-100-1 server-100-2] 101:[server-101-0 server-101-1 server-101-2]]} map[] map[]} 3}
2025/05/24 11:30:54 1 repeat msg:{true {  Config 0 0 {2 [100 100 100 100 100 101 101 101 101 101] map[100:[server-100-0 server-100-1 server-100-2] 101:[server-101-0 server-101-1 server-101-2]]} map[] map[]} 3}
2025/05/24 11:30:54 0 recieve newConfig...kv.lastConfig:{1 [100 100 100 100 100 100 100 100 100 100] map[100:[server-100-0 server-100-1 server-100-2]]}, newConfig:{2 [100 100 100 100 100 101 101 101 101 101] map[100:[server-100-0 server-100-1 server-100-2] 101:[server-101-0 server-101-1 server-101-2]]}
2025/05/24 11:30:54 0 recieve newConfig...kv.lastConfig:{1 [100 100 100 100 100 100 100 100 100 100] map[100:[server-100-0 server-100-1 server-100-2]]}, newConfig:{2 [100 100 100 100 100 101 101 101 101 101] map[100:[server-100-0 server-100-1 server-100-2] 101:[server-101-0 server-101-1 server-101-2]]}
2025/05/24 11:30:54 2 apply receive msg:{true {  Config 0 0 {2 [100 100 100 100 100 101 101 101 101 101] map[100:[server-100-0 server-100-1 server-100-2] 101:[server-101-0 server-101-1 server-101-2]]} map[] map[]} 3}
2025/05/24 11:30:54 0 apply receive msg:{true {  Config 0 0 {2 [100 100 100 100 100 101 101 101 101 101] map[100:[server-100-0 server-100-1 server-100-2] 101:[server-101-0 server-101-1 server-101-2]]} map[] map[]} 3}
2025/05/24 11:30:54 2 repeat msg:{true {  Config 0 0 {2 [100 100 100 100 100 101 101 101 101 101] map[100:[server-100-0 server-100-1 server-100-2] 101:[server-101-0 server-101-1 server-101-2]]} map[] map[]} 3}
2025/05/24 11:30:54 0 repeat msg:{true {  Config 0 0 {2 [100 100 100 100 100 101 101 101 101 101] map[100:[server-100-0 server-100-1 server-100-2] 101:[server-101-0 server-101-1 server-101-2]]} map[] map[]} 3}
2025/05/24 11:30:54 0 apply receive msg:{true {  Config 0 0 {2 [100 100 100 100 100 101 101 101 101 101] map[100:[server-100-0 server-100-1 server-100-2] 101:[server-101-0 server-101-1 server-101-2]]} map[] map[]} 4}
2025/05/24 11:30:54 0 repeat msg:{true {  Config 0 0 {2 [100 100 100 100 100 101 101 101 101 101] map[100:[server-100-0 server-100-1 server-100-2] 101:[server-101-0 server-101-1 server-101-2]]} map[] map[]} 4}
2025/05/24 11:30:54 0 apply receive msg:{true {  Config 0 0 {2 [100 100 100 100 100 101 101 101 101 101] map[100:[server-100-0 server-100-1 server-100-2] 101:[server-101-0 server-101-1 server-101-2]]} map[] map[]} 4}
2025/05/24 11:30:54 0 repeat msg:{true {  Config 0 0 {2 [100 100 100 100 100 101 101 101 101 101] map[100:[server-100-0 server-100-1 server-100-2] 101:[server-101-0 server-101-1 server-101-2]]} map[] map[]} 4}
2025/05/24 11:30:54 3217617135988243607 cli begin PutAppend, 101
2025/05/24 11:30:54 1 recieve newConfig...kv.lastConfig:{1 [100 100 100 100 100 100 100 100 100 100] map[100:[server-100-0 server-100-1 server-100-2]]}, newConfig:{2 [100 100 100 100 100 101 101 101 101 101] map[100:[server-100-0 server-100-1 server-100-2] 101:[server-101-0 server-101-1 server-101-2]]}
2025/05/24 11:30:54 server 0 begin putAppend, kv.lastConfig:{1 [100 100 100 100 100 100 100 100 100 100] map[100:[server-100-0 server-100-1 server-100-2]]} key2shard(args.Key):8, kv.gid:101
2025/05/24 11:30:54 3217617135988243607 cli finish PutAppend, {ErrWrongGroup}
2025/05/24 11:30:54 1 apply receive msg:{true {  Config 0 0 {2 [100 100 100 100 100 101 101 101 101 101] map[100:[server-100-0 server-100-1 server-100-2] 101:[server-101-0 server-101-1 server-101-2]]} map[] map[]} 4}
2025/05/24 11:30:54 1 repeat msg:{true {  Config 0 0 {2 [100 100 100 100 100 101 101 101 101 101] map[100:[server-100-0 server-100-1 server-100-2] 101:[server-101-0 server-101-1 server-101-2]]} map[] map[]} 4}
2025/05/24 11:30:54 2 apply receive msg:{true {  Config 0 0 {2 [100 100 100 100 100 101 101 101 101 101] map[100:[server-100-0 server-100-1 server-100-2] 101:[server-101-0 server-101-1 server-101-2]]} map[] map[]} 4}
2025/05/24 11:30:54 1 apply receive msg:{true {  Config 0 0 {2 [100 100 100 100 100 101 101 101 101 101] map[100:[server-100-0 server-100-1 server-100-2] 101:[server-101-0 server-101-1 server-101-2]]} map[] map[]} 4}
2025/05/24 11:30:54 2 repeat msg:{true {  Config 0 0 {2 [100 100 100 100 100 101 101 101 101 101] map[100:[server-100-0 server-100-1 server-100-2] 101:[server-101-0 server-101-1 server-101-2]]} map[] map[]} 4}
2025/05/24 11:30:54 1 repeat msg:{true {  Config 0 0 {2 [100 100 100 100 100 101 101 101 101 101] map[100:[server-100-0 server-100-1 server-100-2] 101:[server-101-0 server-101-1 server-101-2]]} map[] map[]} 4}
2025/05/24 11:30:55 1 apply receive msg:{true {  Config 0 0 {2 [100 100 100 100 100 101 101 101 101 101] map[100:[server-100-0 server-100-1 server-100-2] 101:[server-101-0 server-101-1 server-101-2]]} map[] map[]} 4}
2025/05/24 11:30:55 1 repeat msg:{true {  Config 0 0 {2 [100 100 100 100 100 101 101 101 101 101] map[100:[server-100-0 server-100-1 server-100-2] 101:[server-101-0 server-101-1 server-101-2]]} map[] map[]} 4}
2025/05/24 11:30:55 2 apply receive msg:{true {  Config 0 0 {2 [100 100 100 100 100 101 101 101 101 101] map[100:[server-100-0 server-100-1 server-100-2] 101:[server-101-0 server-101-1 server-101-2]]} map[] map[]} 4}
2025/05/24 11:30:55 2 repeat msg:{true {  Config 0 0 {2 [100 100 100 100 100 101 101 101 101 101] map[100:[server-100-0 server-100-1 server-100-2] 101:[server-101-0 server-101-1 server-101-2]]} map[] map[]} 4}
2025/05/24 11:30:55 0 recieve newConfig...kv.lastConfig:{1 [100 100 100 100 100 100 100 100 100 100] map[100:[server-100-0 server-100-1 server-100-2]]}, newConfig:{2 [100 100 100 100 100 101 101 101 101 101] map[100:[server-100-0 server-100-1 server-100-2] 101:[server-101-0 server-101-1 server-101-2]]}
2025/05/24 11:30:55 0 recieve newConfig...kv.lastConfig:{1 [100 100 100 100 100 100 100 100 100 100] map[100:[server-100-0 server-100-1 server-100-2]]}, newConfig:{2 [100 100 100 100 100 101 101 101 101 101] map[100:[server-100-0 server-100-1 server-100-2] 101:[server-101-0 server-101-1 server-101-2]]}
2025/05/24 11:30:55 0 apply receive msg:{true {  Config 0 0 {2 [100 100 100 100 100 101 101 101 101 101] map[100:[server-100-0 server-100-1 server-100-2] 101:[server-101-0 server-101-1 server-101-2]]} map[] map[]} 4}
2025/05/24 11:30:55 0 repeat msg:{true {  Config 0 0 {2 [100 100 100 100 100 101 101 101 101 101] map[100:[server-100-0 server-100-1 server-100-2] 101:[server-101-0 server-101-1 server-101-2]]} map[] map[]} 4}
2025/05/24 11:30:55 2 apply receive msg:{true {  Config 0 0 {2 [100 100 100 100 100 101 101 101 101 101] map[100:[server-100-0 server-100-1 server-100-2] 101:[server-101-0 server-101-1 server-101-2]]} map[] map[]} 4}
2025/05/24 11:30:55 2 repeat msg:{true {  Config 0 0 {2 [100 100 100 100 100 101 101 101 101 101] map[100:[server-100-0 server-100-1 server-100-2] 101:[server-101-0 server-101-1 server-101-2]]} map[] map[]} 4}
2025/05/24 11:30:55 0 apply receive msg:{true {  Config 0 0 {2 [100 100 100 100 100 101 101 101 101 101] map[100:[server-100-0 server-100-1 server-100-2] 101:[server-101-0 server-101-1 server-101-2]]} map[] map[]} 5}
2025/05/24 11:30:55 0 repeat msg:{true {  Config 0 0 {2 [100 100 100 100 100 101 101 101 101 101] map[100:[server-100-0 server-100-1 server-100-2] 101:[server-101-0 server-101-1 server-101-2]]} map[] map[]} 5}
2025/05/24 11:30:55 0 apply receive msg:{true {  Config 0 0 {2 [100 100 100 100 100 101 101 101 101 101] map[100:[server-100-0 server-100-1 server-100-2] 101:[server-101-0 server-101-1 server-101-2]]} map[] map[]} 5}
2025/05/24 11:30:55 0 repeat msg:{true {  Config 0 0 {2 [100 100 100 100 100 101 101 101 101 101] map[100:[server-100-0 server-100-1 server-100-2] 101:[server-101-0 server-101-1 server-101-2]]} map[] map[]} 5}
2025/05/24 11:30:55 3217617135988243607 cli begin PutAppend, 101
2025/05/24 11:30:55 1 recieve newConfig...kv.lastConfig:{1 [100 100 100 100 100 100 100 100 100 100] map[100:[server-100-0 server-100-1 server-100-2]]}, newConfig:{2 [100 100 100 100 100 101 101 101 101 101] map[100:[server-100-0 server-100-1 server-100-2] 101:[server-101-0 server-101-1 server-101-2]]}
2025/05/24 11:30:55 server 0 begin putAppend, kv.lastConfig:{1 [100 100 100 100 100 100 100 100 100 100] map[100:[server-100-0 server-100-1 server-100-2]]} key2shard(args.Key):8, kv.gid:101
2025/05/24 11:30:55 3217617135988243607 cli finish PutAppend, {ErrWrongGroup}
2025/05/24 11:30:55 1 apply receive msg:{true {  Config 0 0 {2 [100 100 100 100 100 101 101 101 101 101] map[100:[server-100-0 server-100-1 server-100-2] 101:[server-101-0 server-101-1 server-101-2]]} map[] map[]} 5}
2025/05/24 11:30:55 1 repeat msg:{true {  Config 0 0 {2 [100 100 100 100 100 101 101 101 101 101] map[100:[server-100-0 server-100-1 server-100-2] 101:[server-101-0 server-101-1 server-101-2]]} map[] map[]} 5}
2025/05/24 11:30:55 2 apply receive msg:{true {  Config 0 0 {2 [100 100 100 100 100 101 101 101 101 101] map[100:[server-100-0 server-100-1 server-100-2] 101:[server-101-0 server-101-1 server-101-2]]} map[] map[]} 5}
2025/05/24 11:30:55 1 apply receive msg:{true {  Config 0 0 {2 [100 100 100 100 100 101 101 101 101 101] map[100:[server-100-0 server-100-1 server-100-2] 101:[server-101-0 server-101-1 server-101-2]]} map[] map[]} 5}
2025/05/24 11:30:55 2 repeat msg:{true {  Config 0 0 {2 [100 100 100 100 100 101 101 101 101 101] map[100:[server-100-0 server-100-1 server-100-2] 101:[server-101-0 server-101-1 server-101-2]]} map[] map[]} 5}
2025/05/24 11:30:55 1 repeat msg:{true {  Config 0 0 {2 [100 100 100 100 100 101 101 101 101 101] map[100:[server-100-0 server-100-1 server-100-2] 101:[server-101-0 server-101-1 server-101-2]]} map[] map[]} 5}
2025/05/24 11:30:55 2 apply receive msg:{true {  Config 0 0 {2 [100 100 100 100 100 101 101 101 101 101] map[100:[server-100-0 server-100-1 server-100-2] 101:[server-101-0 server-101-1 server-101-2]]} map[] map[]} 5}
2025/05/24 11:30:55 1 apply receive msg:{true {  Config 0 0 {2 [100 100 100 100 100 101 101 101 101 101] map[100:[server-100-0 server-100-1 server-100-2] 101:[server-101-0 server-101-1 server-101-2]]} map[] map[]} 5}
2025/05/24 11:30:55 2 repeat msg:{true {  Config 0 0 {2 [100 100 100 100 100 101 101 101 101 101] map[100:[server-100-0 server-100-1 server-100-2] 101:[server-101-0 server-101-1 server-101-2]]} map[] map[]} 5}
2025/05/24 11:30:55 1 repeat msg:{true {  Config 0 0 {2 [100 100 100 100 100 101 101 101 101 101] map[100:[server-100-0 server-100-1 server-100-2] 101:[server-101-0 server-101-1 server-101-2]]} map[] map[]} 5}
2025/05/24 11:30:55 0 recieve newConfig...kv.lastConfig:{1 [100 100 100 100 100 100 100 100 100 100] map[100:[server-100-0 server-100-1 server-100-2]]}, newConfig:{2 [100 100 100 100 100 101 101 101 101 101] map[100:[server-100-0 server-100-1 server-100-2] 101:[server-101-0 server-101-1 server-101-2]]}
2025/05/24 11:30:55 0 recieve newConfig...kv.lastConfig:{1 [100 100 100 100 100 100 100 100 100 100] map[100:[server-100-0 server-100-1 server-100-2]]}, newConfig:{2 [100 100 100 100 100 101 101 101 101 101] map[100:[server-100-0 server-100-1 server-100-2] 101:[server-101-0 server-101-1 server-101-2]]}
2025/05/24 11:30:55 2 apply receive msg:{true {  Config 0 0 {2 [100 100 100 100 100 101 101 101 101 101] map[100:[server-100-0 server-100-1 server-100-2] 101:[server-101-0 server-101-1 server-101-2]]} map[] map[]} 5}
2025/05/24 11:30:55 0 apply receive msg:{true {  Config 0 0 {2 [100 100 100 100 100 101 101 101 101 101] map[100:[server-100-0 server-100-1 server-100-2] 101:[server-101-0 server-101-1 server-101-2]]} map[] map[]} 5}
2025/05/24 11:30:55 2 repeat msg:{true {  Config 0 0 {2 [100 100 100 100 100 101 101 101 101 101] map[100:[server-100-0 server-100-1 server-100-2] 101:[server-101-0 server-101-1 server-101-2]]} map[] map[]} 5}
2025/05/24 11:30:55 0 repeat msg:{true {  Config 0 0 {2 [100 100 100 100 100 101 101 101 101 101] map[100:[server-100-0 server-100-1 server-100-2] 101:[server-101-0 server-101-1 server-101-2]]} map[] map[]} 5}
2025/05/24 11:30:55 0 apply receive msg:{true {  Config 0 0 {2 [100 100 100 100 100 101 101 101 101 101] map[100:[server-100-0 server-100-1 server-100-2] 101:[server-101-0 server-101-1 server-101-2]]} map[] map[]} 6}
2025/05/24 11:30:55 0 repeat msg:{true {  Config 0 0 {2 [100 100 100 100 100 101 101 101 101 101] map[100:[server-100-0 server-100-1 server-100-2] 101:[server-101-0 server-101-1 server-101-2]]} map[] map[]} 6}
2025/05/24 11:30:55 0 apply receive msg:{true {  Config 0 0 {2 [100 100 100 100 100 101 101 101 101 101] map[100:[server-100-0 server-100-1 server-100-2] 101:[server-101-0 server-101-1 server-101-2]]} map[] map[]} 6}
2025/05/24 11:30:55 0 repeat msg:{true {  Config 0 0 {2 [100 100 100 100 100 101 101 101 101 101] map[100:[server-100-0 server-100-1 server-100-2] 101:[server-101-0 server-101-1 server-101-2]]} map[] map[]} 6}
2025/05/24 11:30:55 3217617135988243607 cli begin PutAppend, 101
2025/05/24 11:30:55 1 recieve newConfig...kv.lastConfig:{1 [100 100 100 100 100 100 100 100 100 100] map[100:[server-100-0 server-100-1 server-100-2]]}, newConfig:{2 [100 100 100 100 100 101 101 101 101 101] map[100:[server-100-0 server-100-1 server-100-2] 101:[server-101-0 server-101-1 server-101-2]]}
2025/05/24 11:30:55 server 0 begin putAppend, kv.lastConfig:{1 [100 100 100 100 100 100 100 100 100 100] map[100:[server-100-0 server-100-1 server-100-2]]} key2shard(args.Key):8, kv.gid:101
2025/05/24 11:30:55 3217617135988243607 cli finish PutAppend, {ErrWrongGroup}
2025/05/24 11:30:55 1 apply receive msg:{true {  Config 0 0 {2 [100 100 100 100 100 101 101 101 101 101] map[100:[server-100-0 server-100-1 server-100-2] 101:[server-101-0 server-101-1 server-101-2]]} map[] map[]} 6}
2025/05/24 11:30:55 1 repeat msg:{true {  Config 0 0 {2 [100 100 100 100 100 101 101 101 101 101] map[100:[server-100-0 server-100-1 server-100-2] 101:[server-101-0 server-101-1 server-101-2]]} map[] map[]} 6}
2025/05/24 11:30:55 1 apply receive msg:{true {  Config 0 0 {2 [100 100 100 100 100 101 101 101 101 101] map[100:[server-100-0 server-100-1 server-100-2] 101:[server-101-0 server-101-1 server-101-2]]} map[] map[]} 6}
2025/05/24 11:30:55 1 repeat msg:{true {  Config 0 0 {2 [100 100 100 100 100 101 101 101 101 101] map[100:[server-100-0 server-100-1 server-100-2] 101:[server-101-0 server-101-1 server-101-2]]} map[] map[]} 6}
2025/05/24 11:30:55 2 apply receive msg:{true {  Config 0 0 {2 [100 100 100 100 100 101 101 101 101 101] map[100:[server-100-0 server-100-1 server-100-2] 101:[server-101-0 server-101-1 server-101-2]]} map[] map[]} 6}
2025/05/24 11:30:55 2 repeat msg:{true {  Config 0 0 {2 [100 100 100 100 100 101 101 101 101 101] map[100:[server-100-0 server-100-1 server-100-2] 101:[server-101-0 server-101-1 server-101-2]]} map[] map[]} 6}
2025/05/24 11:30:55 2 apply receive msg:{true {  Config 0 0 {2 [100 100 100 100 100 101 101 101 101 101] map[100:[server-100-0 server-100-1 server-100-2] 101:[server-101-0 server-101-1 server-101-2]]} map[] map[]} 6}
2025/05/24 11:30:55 1 apply receive msg:{true {  Config 0 0 {2 [100 100 100 100 100 101 101 101 101 101] map[100:[server-100-0 server-100-1 server-100-2] 101:[server-101-0 server-101-1 server-101-2]]} map[] map[]} 6}
2025/05/24 11:30:55 2 repeat msg:{true {  Config 0 0 {2 [100 100 100 100 100 101 101 101 101 101] map[100:[server-100-0 server-100-1 server-100-2] 101:[server-101-0 server-101-1 server-101-2]]} map[] map[]} 6}
2025/05/24 11:30:55 1 repeat msg:{true {  Config 0 0 {2 [100 100 100 100 100 101 101 101 101 101] map[100:[server-100-0 server-100-1 server-100-2] 101:[server-101-0 server-101-1 server-101-2]]} map[] map[]} 6}
2025/05/24 11:30:55 0 recieve newConfig...kv.lastConfig:{1 [100 100 100 100 100 100 100 100 100 100] map[100:[server-100-0 server-100-1 server-100-2]]}, newConfig:{2 [100 100 100 100 100 101 101 101 101 101] map[100:[server-100-0 server-100-1 server-100-2] 101:[server-101-0 server-101-1 server-101-2]]}
2025/05/24 11:30:55 0 recieve newConfig...kv.lastConfig:{1 [100 100 100 100 100 100 100 100 100 100] map[100:[server-100-0 server-100-1 server-100-2]]}, newConfig:{2 [100 100 100 100 100 101 101 101 101 101] map[100:[server-100-0 server-100-1 server-100-2] 101:[server-101-0 server-101-1 server-101-2]]}
2025/05/24 11:30:55 0 apply receive msg:{true {  Config 0 0 {2 [100 100 100 100 100 101 101 101 101 101] map[100:[server-100-0 server-100-1 server-100-2] 101:[server-101-0 server-101-1 server-101-2]]} map[] map[]} 6}
2025/05/24 11:30:55 2 apply receive msg:{true {  Config 0 0 {2 [100 100 100 100 100 101 101 101 101 101] map[100:[server-100-0 server-100-1 server-100-2] 101:[server-101-0 server-101-1 server-101-2]]} map[] map[]} 6}
2025/05/24 11:30:55 0 repeat msg:{true {  Config 0 0 {2 [100 100 100 100 100 101 101 101 101 101] map[100:[server-100-0 server-100-1 server-100-2] 101:[server-101-0 server-101-1 server-101-2]]} map[] map[]} 6}
2025/05/24 11:30:55 2 repeat msg:{true {  Config 0 0 {2 [100 100 100 100 100 101 101 101 101 101] map[100:[server-100-0 server-100-1 server-100-2] 101:[server-101-0 server-101-1 server-101-2]]} map[] map[]} 6}
2025/05/24 11:30:55 0 apply receive msg:{true {  Config 0 0 {2 [100 100 100 100 100 101 101 101 101 101] map[100:[server-100-0 server-100-1 server-100-2] 101:[server-101-0 server-101-1 server-101-2]]} map[] map[]} 7}
2025/05/24 11:30:55 0 repeat msg:{true {  Config 0 0 {2 [100 100 100 100 100 101 101 101 101 101] map[100:[server-100-0 server-100-1 server-100-2] 101:[server-101-0 server-101-1 server-101-2]]} map[] map[]} 7}
2025/05/24 11:30:55 0 apply receive msg:{true {  Config 0 0 {2 [100 100 100 100 100 101 101 101 101 101] map[100:[server-100-0 server-100-1 server-100-2] 101:[server-101-0 server-101-1 server-101-2]]} map[] map[]} 7}
2025/05/24 11:30:55 0 repeat msg:{true {  Config 0 0 {2 [100 100 100 100 100 101 101 101 101 101] map[100:[server-100-0 server-100-1 server-100-2] 101:[server-101-0 server-101-1 server-101-2]]} map[] map[]} 7}
2025/05/24 11:30:55 3217617135988243607 cli begin PutAppend, 101
2025/05/24 11:30:55 1 recieve newConfig...kv.lastConfig:{1 [100 100 100 100 100 100 100 100 100 100] map[100:[server-100-0 server-100-1 server-100-2]]}, newConfig:{2 [100 100 100 100 100 101 101 101 101 101] map[100:[server-100-0 server-100-1 server-100-2] 101:[server-101-0 server-101-1 server-101-2]]}
2025/05/24 11:30:55 server 0 begin putAppend, kv.lastConfig:{1 [100 100 100 100 100 100 100 100 100 100] map[100:[server-100-0 server-100-1 server-100-2]]} key2shard(args.Key):8, kv.gid:101
2025/05/24 11:30:55 3217617135988243607 cli finish PutAppend, {ErrWrongGroup}
2025/05/24 11:30:55 1 apply receive msg:{true {  Config 0 0 {2 [100 100 100 100 100 101 101 101 101 101] map[100:[server-100-0 server-100-1 server-100-2] 101:[server-101-0 server-101-1 server-101-2]]} map[] map[]} 7}
2025/05/24 11:30:55 1 repeat msg:{true {  Config 0 0 {2 [100 100 100 100 100 101 101 101 101 101] map[100:[server-100-0 server-100-1 server-100-2] 101:[server-101-0 server-101-1 server-101-2]]} map[] map[]} 7}
2025/05/24 11:30:55 2 apply receive msg:{true {  Config 0 0 {2 [100 100 100 100 100 101 101 101 101 101] map[100:[server-100-0 server-100-1 server-100-2] 101:[server-101-0 server-101-1 server-101-2]]} map[] map[]} 7}
2025/05/24 11:30:55 1 apply receive msg:{true {  Config 0 0 {2 [100 100 100 100 100 101 101 101 101 101] map[100:[server-100-0 server-100-1 server-100-2] 101:[server-101-0 server-101-1 server-101-2]]} map[] map[]} 7}
2025/05/24 11:30:55 2 repeat msg:{true {  Config 0 0 {2 [100 100 100 100 100 101 101 101 101 101] map[100:[server-100-0 server-100-1 server-100-2] 101:[server-101-0 server-101-1 server-101-2]]} map[] map[]} 7}
2025/05/24 11:30:55 1 repeat msg:{true {  Config 0 0 {2 [100 100 100 100 100 101 101 101 101 101] map[100:[server-100-0 server-100-1 server-100-2] 101:[server-101-0 server-101-1 server-101-2]]} map[] map[]} 7}
2025/05/24 11:30:55 1 apply receive msg:{true {  Config 0 0 {2 [100 100 100 100 100 101 101 101 101 101] map[100:[server-100-0 server-100-1 server-100-2] 101:[server-101-0 server-101-1 server-101-2]]} map[] map[]} 7}
2025/05/24 11:30:55 2 apply receive msg:{true {  Config 0 0 {2 [100 100 100 100 100 101 101 101 101 101] map[100:[server-100-0 server-100-1 server-100-2] 101:[server-101-0 server-101-1 server-101-2]]} map[] map[]} 7}
2025/05/24 11:30:55 1 repeat msg:{true {  Config 0 0 {2 [100 100 100 100 100 101 101 101 101 101] map[100:[server-100-0 server-100-1 server-100-2] 101:[server-101-0 server-101-1 server-101-2]]} map[] map[]} 7}
2025/05/24 11:30:55 2 repeat msg:{true {  Config 0 0 {2 [100 100 100 100 100 101 101 101 101 101] map[100:[server-100-0 server-100-1 server-100-2] 101:[server-101-0 server-101-1 server-101-2]]} map[] map[]} 7}
2025/05/24 11:30:55 0 recieve newConfig...kv.lastConfig:{1 [100 100 100 100 100 100 100 100 100 100] map[100:[server-100-0 server-100-1 server-100-2]]}, newConfig:{2 [100 100 100 100 100 101 101 101 101 101] map[100:[server-100-0 server-100-1 server-100-2] 101:[server-101-0 server-101-1 server-101-2]]}
2025/05/24 11:30:55 0 recieve newConfig...kv.lastConfig:{1 [100 100 100 100 100 100 100 100 100 100] map[100:[server-100-0 server-100-1 server-100-2]]}, newConfig:{2 [100 100 100 100 100 101 101 101 101 101] map[100:[server-100-0 server-100-1 server-100-2] 101:[server-101-0 server-101-1 server-101-2]]}
2025/05/24 11:30:55 0 apply receive msg:{true {  Config 0 0 {2 [100 100 100 100 100 101 101 101 101 101] map[100:[server-100-0 server-100-1 server-100-2] 101:[server-101-0 server-101-1 server-101-2]]} map[] map[]} 7}
2025/05/24 11:30:55 2 apply receive msg:{true {  Config 0 0 {2 [100 100 100 100 100 101 101 101 101 101] map[100:[server-100-0 server-100-1 server-100-2] 101:[server-101-0 server-101-1 server-101-2]]} map[] map[]} 7}
2025/05/24 11:30:55 0 repeat msg:{true {  Config 0 0 {2 [100 100 100 100 100 101 101 101 101 101] map[100:[server-100-0 server-100-1 server-100-2] 101:[server-101-0 server-101-1 server-101-2]]} map[] map[]} 7}
2025/05/24 11:30:55 2 repeat msg:{true {  Config 0 0 {2 [100 100 100 100 100 101 101 101 101 101] map[100:[server-100-0 server-100-1 server-100-2] 101:[server-101-0 server-101-1 server-101-2]]} map[] map[]} 7}
2025/05/24 11:30:55 0 apply receive msg:{true {  Config 0 0 {2 [100 100 100 100 100 101 101 101 101 101] map[100:[server-100-0 server-100-1 server-100-2] 101:[server-101-0 server-101-1 server-101-2]]} map[] map[]} 8}
2025/05/24 11:30:55 0 repeat msg:{true {  Config 0 0 {2 [100 100 100 100 100 101 101 101 101 101] map[100:[server-100-0 server-100-1 server-100-2] 101:[server-101-0 server-101-1 server-101-2]]} map[] map[]} 8}
2025/05/24 11:30:55 0 apply receive msg:{true {  Config 0 0 {2 [100 100 100 100 100 101 101 101 101 101] map[100:[server-100-0 server-100-1 server-100-2] 101:[server-101-0 server-101-1 server-101-2]]} map[] map[]} 8}
2025/05/24 11:30:55 0 repeat msg:{true {  Config 0 0 {2 [100 100 100 100 100 101 101 101 101 101] map[100:[server-100-0 server-100-1 server-100-2] 101:[server-101-0 server-101-1 server-101-2]]} map[] map[]} 8}
2025/05/24 11:30:55 3217617135988243607 cli begin PutAppend, 101
2025/05/24 11:30:55 1 recieve newConfig...kv.lastConfig:{1 [100 100 100 100 100 100 100 100 100 100] map[100:[server-100-0 server-100-1 server-100-2]]}, newConfig:{2 [100 100 100 100 100 101 101 101 101 101] map[100:[server-100-0 server-100-1 server-100-2] 101:[server-101-0 server-101-1 server-101-2]]}
2025/05/24 11:30:55 server 0 begin putAppend, kv.lastConfig:{1 [100 100 100 100 100 100 100 100 100 100] map[100:[server-100-0 server-100-1 server-100-2]]} key2shard(args.Key):8, kv.gid:101
2025/05/24 11:30:55 3217617135988243607 cli finish PutAppend, {ErrWrongGroup}
2025/05/24 11:30:55 1 apply receive msg:{true {  Config 0 0 {2 [100 100 100 100 100 101 101 101 101 101] map[100:[server-100-0 server-100-1 server-100-2] 101:[server-101-0 server-101-1 server-101-2]]} map[] map[]} 8}
2025/05/24 11:30:55 1 repeat msg:{true {  Config 0 0 {2 [100 100 100 100 100 101 101 101 101 101] map[100:[server-100-0 server-100-1 server-100-2] 101:[server-101-0 server-101-1 server-101-2]]} map[] map[]} 8}
2025/05/24 11:30:55 2 apply receive msg:{true {  Config 0 0 {2 [100 100 100 100 100 101 101 101 101 101] map[100:[server-100-0 server-100-1 server-100-2] 101:[server-101-0 server-101-1 server-101-2]]} map[] map[]} 8}
2025/05/24 11:30:55 1 apply receive msg:{true {  Config 0 0 {2 [100 100 100 100 100 101 101 101 101 101] map[100:[server-100-0 server-100-1 server-100-2] 101:[server-101-0 server-101-1 server-101-2]]} map[] map[]} 8}
2025/05/24 11:30:55 2 repeat msg:{true {  Config 0 0 {2 [100 100 100 100 100 101 101 101 101 101] map[100:[server-100-0 server-100-1 server-100-2] 101:[server-101-0 server-101-1 server-101-2]]} map[] map[]} 8}
2025/05/24 11:30:55 1 repeat msg:{true {  Config 0 0 {2 [100 100 100 100 100 101 101 101 101 101] map[100:[server-100-0 server-100-1 server-100-2] 101:[server-101-0 server-101-1 server-101-2]]} map[] map[]} 8}
2025/05/24 11:30:55 2 apply receive msg:{true {  Config 0 0 {2 [100 100 100 100 100 101 101 101 101 101] map[100:[server-100-0 server-100-1 server-100-2] 101:[server-101-0 server-101-1 server-101-2]]} map[] map[]} 8}
2025/05/24 11:30:55 1 apply receive msg:{true {  Config 0 0 {2 [100 100 100 100 100 101 101 101 101 101] map[100:[server-100-0 server-100-1 server-100-2] 101:[server-101-0 server-101-1 server-101-2]]} map[] map[]} 8}
2025/05/24 11:30:55 2 repeat msg:{true {  Config 0 0 {2 [100 100 100 100 100 101 101 101 101 101] map[100:[server-100-0 server-100-1 server-100-2] 101:[server-101-0 server-101-1 server-101-2]]} map[] map[]} 8}
2025/05/24 11:30:55 1 repeat msg:{true {  Config 0 0 {2 [100 100 100 100 100 101 101 101 101 101] map[100:[server-100-0 server-100-1 server-100-2] 101:[server-101-0 server-101-1 server-101-2]]} map[] map[]} 8}
2025/05/24 11:30:55 0 recieve newConfig...kv.lastConfig:{1 [100 100 100 100 100 100 100 100 100 100] map[100:[server-100-0 server-100-1 server-100-2]]}, newConfig:{2 [100 100 100 100 100 101 101 101 101 101] map[100:[server-100-0 server-100-1 server-100-2] 101:[server-101-0 server-101-1 server-101-2]]}
2025/05/24 11:30:55 0 recieve newConfig...kv.lastConfig:{1 [100 100 100 100 100 100 100 100 100 100] map[100:[server-100-0 server-100-1 server-100-2]]}, newConfig:{2 [100 100 100 100 100 101 101 101 101 101] map[100:[server-100-0 server-100-1 server-100-2] 101:[server-101-0 server-101-1 server-101-2]]}
2025/05/24 11:30:55 0 apply receive msg:{true {  Config 0 0 {2 [100 100 100 100 100 101 101 101 101 101] map[100:[server-100-0 server-100-1 server-100-2] 101:[server-101-0 server-101-1 server-101-2]]} map[] map[]} 8}
2025/05/24 11:30:55 2 apply receive msg:{true {  Config 0 0 {2 [100 100 100 100 100 101 101 101 101 101] map[100:[server-100-0 server-100-1 server-100-2] 101:[server-101-0 server-101-1 server-101-2]]} map[] map[]} 8}
2025/05/24 11:30:55 0 repeat msg:{true {  Config 0 0 {2 [100 100 100 100 100 101 101 101 101 101] map[100:[server-100-0 server-100-1 server-100-2] 101:[server-101-0 server-101-1 server-101-2]]} map[] map[]} 8}
2025/05/24 11:30:55 2 repeat msg:{true {  Config 0 0 {2 [100 100 100 100 100 101 101 101 101 101] map[100:[server-100-0 server-100-1 server-100-2] 101:[server-101-0 server-101-1 server-101-2]]} map[] map[]} 8}
2025/05/24 11:30:55 0 apply receive msg:{true {  Config 0 0 {2 [100 100 100 100 100 101 101 101 101 101] map[100:[server-100-0 server-100-1 server-100-2] 101:[server-101-0 server-101-1 server-101-2]]} map[] map[]} 9}
2025/05/24 11:30:55 0 repeat msg:{true {  Config 0 0 {2 [100 100 100 100 100 101 101 101 101 101] map[100:[server-100-0 server-100-1 server-100-2] 101:[server-101-0 server-101-1 server-101-2]]} map[] map[]} 9}
2025/05/24 11:30:55 0 apply receive msg:{true {  Config 0 0 {2 [100 100 100 100 100 101 101 101 101 101] map[100:[server-100-0 server-100-1 server-100-2] 101:[server-101-0 server-101-1 server-101-2]]} map[] map[]} 9}
2025/05/24 11:30:55 0 repeat msg:{true {  Config 0 0 {2 [100 100 100 100 100 101 101 101 101 101] map[100:[server-100-0 server-100-1 server-100-2] 101:[server-101-0 server-101-1 server-101-2]]} map[] map[]} 9}
2025/05/24 11:30:55 3217617135988243607 cli begin PutAppend, 101
2025/05/24 11:30:55 1 recieve newConfig...kv.lastConfig:{1 [100 100 100 100 100 100 100 100 100 100] map[100:[server-100-0 server-100-1 server-100-2]]}, newConfig:{2 [100 100 100 100 100 101 101 101 101 101] map[100:[server-100-0 server-100-1 server-100-2] 101:[server-101-0 server-101-1 server-101-2]]}
2025/05/24 11:30:55 server 0 begin putAppend, kv.lastConfig:{1 [100 100 100 100 100 100 100 100 100 100] map[100:[server-100-0 server-100-1 server-100-2]]} key2shard(args.Key):8, kv.gid:101
2025/05/24 11:30:55 3217617135988243607 cli finish PutAppend, {ErrWrongGroup}
2025/05/24 11:30:55 1 apply receive msg:{true {  Config 0 0 {2 [100 100 100 100 100 101 101 101 101 101] map[100:[server-100-0 server-100-1 server-100-2] 101:[server-101-0 server-101-1 server-101-2]]} map[] map[]} 9}
2025/05/24 11:30:55 1 repeat msg:{true {  Config 0 0 {2 [100 100 100 100 100 101 101 101 101 101] map[100:[server-100-0 server-100-1 server-100-2] 101:[server-101-0 server-101-1 server-101-2]]} map[] map[]} 9}
2025/05/24 11:30:55 1 apply receive msg:{true {  Config 0 0 {2 [100 100 100 100 100 101 101 101 101 101] map[100:[server-100-0 server-100-1 server-100-2] 101:[server-101-0 server-101-1 server-101-2]]} map[] map[]} 9}
2025/05/24 11:30:55 2 apply receive msg:{true {  Config 0 0 {2 [100 100 100 100 100 101 101 101 101 101] map[100:[server-100-0 server-100-1 server-100-2] 101:[server-101-0 server-101-1 server-101-2]]} map[] map[]} 9}
2025/05/24 11:30:55 1 repeat msg:{true {  Config 0 0 {2 [100 100 100 100 100 101 101 101 101 101] map[100:[server-100-0 server-100-1 server-100-2] 101:[server-101-0 server-101-1 server-101-2]]} map[] map[]} 9}
2025/05/24 11:30:55 2 repeat msg:{true {  Config 0 0 {2 [100 100 100 100 100 101 101 101 101 101] map[100:[server-100-0 server-100-1 server-100-2] 101:[server-101-0 server-101-1 server-101-2]]} map[] map[]} 9}
2025/05/24 11:30:55 2 apply receive msg:{true {  Config 0 0 {2 [100 100 100 100 100 101 101 101 101 101] map[100:[server-100-0 server-100-1 server-100-2] 101:[server-101-0 server-101-1 server-101-2]]} map[] map[]} 9}
2025/05/24 11:30:55 1 apply receive msg:{true {  Config 0 0 {2 [100 100 100 100 100 101 101 101 101 101] map[100:[server-100-0 server-100-1 server-100-2] 101:[server-101-0 server-101-1 server-101-2]]} map[] map[]} 9}
2025/05/24 11:30:55 2 repeat msg:{true {  Config 0 0 {2 [100 100 100 100 100 101 101 101 101 101] map[100:[server-100-0 server-100-1 server-100-2] 101:[server-101-0 server-101-1 server-101-2]]} map[] map[]} 9}
2025/05/24 11:30:55 1 repeat msg:{true {  Config 0 0 {2 [100 100 100 100 100 101 101 101 101 101] map[100:[server-100-0 server-100-1 server-100-2] 101:[server-101-0 server-101-1 server-101-2]]} map[] map[]} 9}
2025/05/24 11:30:55 0 recieve newConfig...kv.lastConfig:{1 [100 100 100 100 100 100 100 100 100 100] map[100:[server-100-0 server-100-1 server-100-2]]}, newConfig:{2 [100 100 100 100 100 101 101 101 101 101] map[100:[server-100-0 server-100-1 server-100-2] 101:[server-101-0 server-101-1 server-101-2]]}
2025/05/24 11:30:55 0 recieve newConfig...kv.lastConfig:{1 [100 100 100 100 100 100 100 100 100 100] map[100:[server-100-0 server-100-1 server-100-2]]}, newConfig:{2 [100 100 100 100 100 101 101 101 101 101] map[100:[server-100-0 server-100-1 server-100-2] 101:[server-101-0 server-101-1 server-101-2]]}
2025/05/24 11:30:55 0 apply receive msg:{true {  Config 0 0 {2 [100 100 100 100 100 101 101 101 101 101] map[100:[server-100-0 server-100-1 server-100-2] 101:[server-101-0 server-101-1 server-101-2]]} map[] map[]} 9}
2025/05/24 11:30:55 2 apply receive msg:{true {  Config 0 0 {2 [100 100 100 100 100 101 101 101 101 101] map[100:[server-100-0 server-100-1 server-100-2] 101:[server-101-0 server-101-1 server-101-2]]} map[] map[]} 9}
2025/05/24 11:30:55 0 repeat msg:{true {  Config 0 0 {2 [100 100 100 100 100 101 101 101 101 101] map[100:[server-100-0 server-100-1 server-100-2] 101:[server-101-0 server-101-1 server-101-2]]} map[] map[]} 9}
2025/05/24 11:30:55 2 repeat msg:{true {  Config 0 0 {2 [100 100 100 100 100 101 101 101 101 101] map[100:[server-100-0 server-100-1 server-100-2] 101:[server-101-0 server-101-1 server-101-2]]} map[] map[]} 9}
2025/05/24 11:30:55 0 apply receive msg:{true {  Config 0 0 {2 [100 100 100 100 100 101 101 101 101 101] map[100:[server-100-0 server-100-1 server-100-2] 101:[server-101-0 server-101-1 server-101-2]]} map[] map[]} 10}
2025/05/24 11:30:55 0 repeat msg:{true {  Config 0 0 {2 [100 100 100 100 100 101 101 101 101 101] map[100:[server-100-0 server-100-1 server-100-2] 101:[server-101-0 server-101-1 server-101-2]]} map[] map[]} 10}
2025/05/24 11:30:55 0 apply receive msg:{true {  Config 0 0 {2 [100 100 100 100 100 101 101 101 101 101] map[100:[server-100-0 server-100-1 server-100-2] 101:[server-101-0 server-101-1 server-101-2]]} map[] map[]} 10}
2025/05/24 11:30:55 0 repeat msg:{true {  Config 0 0 {2 [100 100 100 100 100 101 101 101 101 101] map[100:[server-100-0 server-100-1 server-100-2] 101:[server-101-0 server-101-1 server-101-2]]} map[] map[]} 10}
2025/05/24 11:30:55 3217617135988243607 cli begin PutAppend, 101
2025/05/24 11:30:55 1 recieve newConfig...kv.lastConfig:{1 [100 100 100 100 100 100 100 100 100 100] map[100:[server-100-0 server-100-1 server-100-2]]}, newConfig:{2 [100 100 100 100 100 101 101 101 101 101] map[100:[server-100-0 server-100-1 server-100-2] 101:[server-101-0 server-101-1 server-101-2]]}
2025/05/24 11:30:55 server 0 begin putAppend, kv.lastConfig:{1 [100 100 100 100 100 100 100 100 100 100] map[100:[server-100-0 server-100-1 server-100-2]]} key2shard(args.Key):8, kv.gid:101
2025/05/24 11:30:55 3217617135988243607 cli finish PutAppend, {ErrWrongGroup}
2025/05/24 11:30:55 1 apply receive msg:{true {  Config 0 0 {2 [100 100 100 100 100 101 101 101 101 101] map[100:[server-100-0 server-100-1 server-100-2] 101:[server-101-0 server-101-1 server-101-2]]} map[] map[]} 10}
2025/05/24 11:30:55 1 repeat msg:{true {  Config 0 0 {2 [100 100 100 100 100 101 101 101 101 101] map[100:[server-100-0 server-100-1 server-100-2] 101:[server-101-0 server-101-1 server-101-2]]} map[] map[]} 10}
2025/05/24 11:30:55 1 apply receive msg:{true {  Config 0 0 {2 [100 100 100 100 100 101 101 101 101 101] map[100:[server-100-0 server-100-1 server-100-2] 101:[server-101-0 server-101-1 server-101-2]]} map[] map[]} 10}
2025/05/24 11:30:55 2 apply receive msg:{true {  Config 0 0 {2 [100 100 100 100 100 101 101 101 101 101] map[100:[server-100-0 server-100-1 server-100-2] 101:[server-101-0 server-101-1 server-101-2]]} map[] map[]} 10}
2025/05/24 11:30:55 1 repeat msg:{true {  Config 0 0 {2 [100 100 100 100 100 101 101 101 101 101] map[100:[server-100-0 server-100-1 server-100-2] 101:[server-101-0 server-101-1 server-101-2]]} map[] map[]} 10}
2025/05/24 11:30:55 2 repeat msg:{true {  Config 0 0 {2 [100 100 100 100 100 101 101 101 101 101] map[100:[server-100-0 server-100-1 server-100-2] 101:[server-101-0 server-101-1 server-101-2]]} map[] map[]} 10}
2025/05/24 11:30:55 1 apply receive msg:{true {  Config 0 0 {2 [100 100 100 100 100 101 101 101 101 101] map[100:[server-100-0 server-100-1 server-100-2] 101:[server-101-0 server-101-1 server-101-2]]} map[] map[]} 10}
2025/05/24 11:30:55 2 apply receive msg:{true {  Config 0 0 {2 [100 100 100 100 100 101 101 101 101 101] map[100:[server-100-0 server-100-1 server-100-2] 101:[server-101-0 server-101-1 server-101-2]]} map[] map[]} 10}
2025/05/24 11:30:55 1 repeat msg:{true {  Config 0 0 {2 [100 100 100 100 100 101 101 101 101 101] map[100:[server-100-0 server-100-1 server-100-2] 101:[server-101-0 server-101-1 server-101-2]]} map[] map[]} 10}
2025/05/24 11:30:55 2 repeat msg:{true {  Config 0 0 {2 [100 100 100 100 100 101 101 101 101 101] map[100:[server-100-0 server-100-1 server-100-2] 101:[server-101-0 server-101-1 server-101-2]]} map[] map[]} 10}
2025/05/24 11:30:55 0 recieve newConfig...kv.lastConfig:{1 [100 100 100 100 100 100 100 100 100 100] map[100:[server-100-0 server-100-1 server-100-2]]}, newConfig:{2 [100 100 100 100 100 101 101 101 101 101] map[100:[server-100-0 server-100-1 server-100-2] 101:[server-101-0 server-101-1 server-101-2]]}
2025/05/24 11:30:55 0 recieve newConfig...kv.lastConfig:{1 [100 100 100 100 100 100 100 100 100 100] map[100:[server-100-0 server-100-1 server-100-2]]}, newConfig:{2 [100 100 100 100 100 101 101 101 101 101] map[100:[server-100-0 server-100-1 server-100-2] 101:[server-101-0 server-101-1 server-101-2]]}
2025/05/24 11:30:55 0 apply receive msg:{true {  Config 0 0 {2 [100 100 100 100 100 101 101 101 101 101] map[100:[server-100-0 server-100-1 server-100-2] 101:[server-101-0 server-101-1 server-101-2]]} map[] map[]} 10}
2025/05/24 11:30:55 2 apply receive msg:{true {  Config 0 0 {2 [100 100 100 100 100 101 101 101 101 101] map[100:[server-100-0 server-100-1 server-100-2] 101:[server-101-0 server-101-1 server-101-2]]} map[] map[]} 10}
2025/05/24 11:30:55 0 repeat msg:{true {  Config 0 0 {2 [100 100 100 100 100 101 101 101 101 101] map[100:[server-100-0 server-100-1 server-100-2] 101:[server-101-0 server-101-1 server-101-2]]} map[] map[]} 10}
2025/05/24 11:30:55 2 repeat msg:{true {  Config 0 0 {2 [100 100 100 100 100 101 101 101 101 101] map[100:[server-100-0 server-100-1 server-100-2] 101:[server-101-0 server-101-1 server-101-2]]} map[] map[]} 10}
2025/05/24 11:30:55 0 apply receive msg:{true {  Config 0 0 {2 [100 100 100 100 100 101 101 101 101 101] map[100:[server-100-0 server-100-1 server-100-2] 101:[server-101-0 server-101-1 server-101-2]]} map[] map[]} 11}
2025/05/24 11:30:55 0 repeat msg:{true {  Config 0 0 {2 [100 100 100 100 100 101 101 101 101 101] map[100:[server-100-0 server-100-1 server-100-2] 101:[server-101-0 server-101-1 server-101-2]]} map[] map[]} 11}
2025/05/24 11:30:55 0 apply receive msg:{true {  Config 0 0 {2 [100 100 100 100 100 101 101 101 101 101] map[100:[server-100-0 server-100-1 server-100-2] 101:[server-101-0 server-101-1 server-101-2]]} map[] map[]} 11}
2025/05/24 11:30:55 0 repeat msg:{true {  Config 0 0 {2 [100 100 100 100 100 101 101 101 101 101] map[100:[server-100-0 server-100-1 server-100-2] 101:[server-101-0 server-101-1 server-101-2]]} map[] map[]} 11}
2025/05/24 11:30:55 3217617135988243607 cli begin PutAppend, 101
2025/05/24 11:30:55 1 recieve newConfig...kv.lastConfig:{1 [100 100 100 100 100 100 100 100 100 100] map[100:[server-100-0 server-100-1 server-100-2]]}, newConfig:{2 [100 100 100 100 100 101 101 101 101 101] map[100:[server-100-0 server-100-1 server-100-2] 101:[server-101-0 server-101-1 server-101-2]]}
2025/05/24 11:30:55 server 0 begin putAppend, kv.lastConfig:{1 [100 100 100 100 100 100 100 100 100 100] map[100:[server-100-0 server-100-1 server-100-2]]} key2shard(args.Key):8, kv.gid:101
2025/05/24 11:30:55 3217617135988243607 cli finish PutAppend, {ErrWrongGroup}
2025/05/24 11:30:55 1 apply receive msg:{true {  Config 0 0 {2 [100 100 100 100 100 101 101 101 101 101] map[100:[server-100-0 server-100-1 server-100-2] 101:[server-101-0 server-101-1 server-101-2]]} map[] map[]} 11}
2025/05/24 11:30:55 1 repeat msg:{true {  Config 0 0 {2 [100 100 100 100 100 101 101 101 101 101] map[100:[server-100-0 server-100-1 server-100-2] 101:[server-101-0 server-101-1 server-101-2]]} map[] map[]} 11}
2025/05/24 11:30:55 1 apply receive msg:{true {  Config 0 0 {2 [100 100 100 100 100 101 101 101 101 101] map[100:[server-100-0 server-100-1 server-100-2] 101:[server-101-0 server-101-1 server-101-2]]} map[] map[]} 11}
2025/05/24 11:30:55 2 apply receive msg:{true {  Config 0 0 {2 [100 100 100 100 100 101 101 101 101 101] map[100:[server-100-0 server-100-1 server-100-2] 101:[server-101-0 server-101-1 server-101-2]]} map[] map[]} 11}
2025/05/24 11:30:55 1 repeat msg:{true {  Config 0 0 {2 [100 100 100 100 100 101 101 101 101 101] map[100:[server-100-0 server-100-1 server-100-2] 101:[server-101-0 server-101-1 server-101-2]]} map[] map[]} 11}
2025/05/24 11:30:55 2 repeat msg:{true {  Config 0 0 {2 [100 100 100 100 100 101 101 101 101 101] map[100:[server-100-0 server-100-1 server-100-2] 101:[server-101-0 server-101-1 server-101-2]]} map[] map[]} 11}
2025/05/24 11:30:55 1 apply receive msg:{true {  Config 0 0 {2 [100 100 100 100 100 101 101 101 101 101] map[100:[server-100-0 server-100-1 server-100-2] 101:[server-101-0 server-101-1 server-101-2]]} map[] map[]} 11}
2025/05/24 11:30:55 2 apply receive msg:{true {  Config 0 0 {2 [100 100 100 100 100 101 101 101 101 101] map[100:[server-100-0 server-100-1 server-100-2] 101:[server-101-0 server-101-1 server-101-2]]} map[] map[]} 11}
2025/05/24 11:30:55 1 repeat msg:{true {  Config 0 0 {2 [100 100 100 100 100 101 101 101 101 101] map[100:[server-100-0 server-100-1 server-100-2] 101:[server-101-0 server-101-1 server-101-2]]} map[] map[]} 11}
2025/05/24 11:30:55 2 repeat msg:{true {  Config 0 0 {2 [100 100 100 100 100 101 101 101 101 101] map[100:[server-100-0 server-100-1 server-100-2] 101:[server-101-0 server-101-1 server-101-2]]} map[] map[]} 11}
2025/05/24 11:30:55 0 recieve newConfig...kv.lastConfig:{1 [100 100 100 100 100 100 100 100 100 100] map[100:[server-100-0 server-100-1 server-100-2]]}, newConfig:{2 [100 100 100 100 100 101 101 101 101 101] map[100:[server-100-0 server-100-1 server-100-2] 101:[server-101-0 server-101-1 server-101-2]]}
2025/05/24 11:30:56 0 recieve newConfig...kv.lastConfig:{1 [100 100 100 100 100 100 100 100 100 100] map[100:[server-100-0 server-100-1 server-100-2]]}, newConfig:{2 [100 100 100 100 100 101 101 101 101 101] map[100:[server-100-0 server-100-1 server-100-2] 101:[server-101-0 server-101-1 server-101-2]]}
2025/05/24 11:30:56 2 apply receive msg:{true {  Config 0 0 {2 [100 100 100 100 100 101 101 101 101 101] map[100:[server-100-0 server-100-1 server-100-2] 101:[server-101-0 server-101-1 server-101-2]]} map[] map[]} 11}
2025/05/24 11:30:56 0 apply receive msg:{true {  Config 0 0 {2 [100 100 100 100 100 101 101 101 101 101] map[100:[server-100-0 server-100-1 server-100-2] 101:[server-101-0 server-101-1 server-101-2]]} map[] map[]} 11}
2025/05/24 11:30:56 2 repeat msg:{true {  Config 0 0 {2 [100 100 100 100 100 101 101 101 101 101] map[100:[server-100-0 server-100-1 server-100-2] 101:[server-101-0 server-101-1 server-101-2]]} map[] map[]} 11}
2025/05/24 11:30:56 0 repeat msg:{true {  Config 0 0 {2 [100 100 100 100 100 101 101 101 101 101] map[100:[server-100-0 server-100-1 server-100-2] 101:[server-101-0 server-101-1 server-101-2]]} map[] map[]} 11}
2025/05/24 11:30:56 0 apply receive msg:{true {  Config 0 0 {2 [100 100 100 100 100 101 101 101 101 101] map[100:[server-100-0 server-100-1 server-100-2] 101:[server-101-0 server-101-1 server-101-2]]} map[] map[]} 12}
2025/05/24 11:30:56 0 repeat msg:{true {  Config 0 0 {2 [100 100 100 100 100 101 101 101 101 101] map[100:[server-100-0 server-100-1 server-100-2] 101:[server-101-0 server-101-1 server-101-2]]} map[] map[]} 12}
2025/05/24 11:30:56 0 apply receive msg:{true {  Config 0 0 {2 [100 100 100 100 100 101 101 101 101 101] map[100:[server-100-0 server-100-1 server-100-2] 101:[server-101-0 server-101-1 server-101-2]]} map[] map[]} 12}
2025/05/24 11:30:56 0 repeat msg:{true {  Config 0 0 {2 [100 100 100 100 100 101 101 101 101 101] map[100:[server-100-0 server-100-1 server-100-2] 101:[server-101-0 server-101-1 server-101-2]]} map[] map[]} 12}
2025/05/24 11:30:56 3217617135988243607 cli begin PutAppend, 101
2025/05/24 11:30:56 1 recieve newConfig...kv.lastConfig:{1 [100 100 100 100 100 100 100 100 100 100] map[100:[server-100-0 server-100-1 server-100-2]]}, newConfig:{2 [100 100 100 100 100 101 101 101 101 101] map[100:[server-100-0 server-100-1 server-100-2] 101:[server-101-0 server-101-1 server-101-2]]}
2025/05/24 11:30:56 server 0 begin putAppend, kv.lastConfig:{1 [100 100 100 100 100 100 100 100 100 100] map[100:[server-100-0 server-100-1 server-100-2]]} key2shard(args.Key):8, kv.gid:101
2025/05/24 11:30:56 3217617135988243607 cli finish PutAppend, {ErrWrongGroup}
2025/05/24 11:30:56 1 apply receive msg:{true {  Config 0 0 {2 [100 100 100 100 100 101 101 101 101 101] map[100:[server-100-0 server-100-1 server-100-2] 101:[server-101-0 server-101-1 server-101-2]]} map[] map[]} 12}
2025/05/24 11:30:56 1 repeat msg:{true {  Config 0 0 {2 [100 100 100 100 100 101 101 101 101 101] map[100:[server-100-0 server-100-1 server-100-2] 101:[server-101-0 server-101-1 server-101-2]]} map[] map[]} 12}
2025/05/24 11:30:56 1 apply receive msg:{true {  Config 0 0 {2 [100 100 100 100 100 101 101 101 101 101] map[100:[server-100-0 server-100-1 server-100-2] 101:[server-101-0 server-101-1 server-101-2]]} map[] map[]} 12}
2025/05/24 11:30:56 2 apply receive msg:{true {  Config 0 0 {2 [100 100 100 100 100 101 101 101 101 101] map[100:[server-100-0 server-100-1 server-100-2] 101:[server-101-0 server-101-1 server-101-2]]} map[] map[]} 12}
2025/05/24 11:30:56 1 repeat msg:{true {  Config 0 0 {2 [100 100 100 100 100 101 101 101 101 101] map[100:[server-100-0 server-100-1 server-100-2] 101:[server-101-0 server-101-1 server-101-2]]} map[] map[]} 12}
2025/05/24 11:30:56 2 repeat msg:{true {  Config 0 0 {2 [100 100 100 100 100 101 101 101 101 101] map[100:[server-100-0 server-100-1 server-100-2] 101:[server-101-0 server-101-1 server-101-2]]} map[] map[]} 12}
2025/05/24 11:30:56 2 apply receive msg:{true {  Config 0 0 {2 [100 100 100 100 100 101 101 101 101 101] map[100:[server-100-0 server-100-1 server-100-2] 101:[server-101-0 server-101-1 server-101-2]]} map[] map[]} 12}
2025/05/24 11:30:56 1 apply receive msg:{true {  Config 0 0 {2 [100 100 100 100 100 101 101 101 101 101] map[100:[server-100-0 server-100-1 server-100-2] 101:[server-101-0 server-101-1 server-101-2]]} map[] map[]} 12}
2025/05/24 11:30:56 2 repeat msg:{true {  Config 0 0 {2 [100 100 100 100 100 101 101 101 101 101] map[100:[server-100-0 server-100-1 server-100-2] 101:[server-101-0 server-101-1 server-101-2]]} map[] map[]} 12}
2025/05/24 11:30:56 1 repeat msg:{true {  Config 0 0 {2 [100 100 100 100 100 101 101 101 101 101] map[100:[server-100-0 server-100-1 server-100-2] 101:[server-101-0 server-101-1 server-101-2]]} map[] map[]} 12}
2025/05/24 11:30:56 0 recieve newConfig...kv.lastConfig:{1 [100 100 100 100 100 100 100 100 100 100] map[100:[server-100-0 server-100-1 server-100-2]]}, newConfig:{2 [100 100 100 100 100 101 101 101 101 101] map[100:[server-100-0 server-100-1 server-100-2] 101:[server-101-0 server-101-1 server-101-2]]}
2025/05/24 11:30:56 0 recieve newConfig...kv.lastConfig:{1 [100 100 100 100 100 100 100 100 100 100] map[100:[server-100-0 server-100-1 server-100-2]]}, newConfig:{2 [100 100 100 100 100 101 101 101 101 101] map[100:[server-100-0 server-100-1 server-100-2] 101:[server-101-0 server-101-1 server-101-2]]}
2025/05/24 11:30:56 2 apply receive msg:{true {  Config 0 0 {2 [100 100 100 100 100 101 101 101 101 101] map[100:[server-100-0 server-100-1 server-100-2] 101:[server-101-0 server-101-1 server-101-2]]} map[] map[]} 12}
2025/05/24 11:30:56 0 apply receive msg:{true {  Config 0 0 {2 [100 100 100 100 100 101 101 101 101 101] map[100:[server-100-0 server-100-1 server-100-2] 101:[server-101-0 server-101-1 server-101-2]]} map[] map[]} 12}
2025/05/24 11:30:56 2 repeat msg:{true {  Config 0 0 {2 [100 100 100 100 100 101 101 101 101 101] map[100:[server-100-0 server-100-1 server-100-2] 101:[server-101-0 server-101-1 server-101-2]]} map[] map[]} 12}
2025/05/24 11:30:56 0 repeat msg:{true {  Config 0 0 {2 [100 100 100 100 100 101 101 101 101 101] map[100:[server-100-0 server-100-1 server-100-2] 101:[server-101-0 server-101-1 server-101-2]]} map[] map[]} 12}
2025/05/24 11:30:56 0 apply receive msg:{true {  Config 0 0 {2 [100 100 100 100 100 101 101 101 101 101] map[100:[server-100-0 server-100-1 server-100-2] 101:[server-101-0 server-101-1 server-101-2]]} map[] map[]} 13}
2025/05/24 11:30:56 0 repeat msg:{true {  Config 0 0 {2 [100 100 100 100 100 101 101 101 101 101] map[100:[server-100-0 server-100-1 server-100-2] 101:[server-101-0 server-101-1 server-101-2]]} map[] map[]} 13}
2025/05/24 11:30:56 0 apply receive msg:{true {  Config 0 0 {2 [100 100 100 100 100 101 101 101 101 101] map[100:[server-100-0 server-100-1 server-100-2] 101:[server-101-0 server-101-1 server-101-2]]} map[] map[]} 13}
2025/05/24 11:30:56 0 repeat msg:{true {  Config 0 0 {2 [100 100 100 100 100 101 101 101 101 101] map[100:[server-100-0 server-100-1 server-100-2] 101:[server-101-0 server-101-1 server-101-2]]} map[] map[]} 13}
2025/05/24 11:30:56 3217617135988243607 cli begin PutAppend, 101
2025/05/24 11:30:56 1 recieve newConfig...kv.lastConfig:{1 [100 100 100 100 100 100 100 100 100 100] map[100:[server-100-0 server-100-1 server-100-2]]}, newConfig:{2 [100 100 100 100 100 101 101 101 101 101] map[100:[server-100-0 server-100-1 server-100-2] 101:[server-101-0 server-101-1 server-101-2]]}
2025/05/24 11:30:56 server 0 begin putAppend, kv.lastConfig:{1 [100 100 100 100 100 100 100 100 100 100] map[100:[server-100-0 server-100-1 server-100-2]]} key2shard(args.Key):8, kv.gid:101
2025/05/24 11:30:56 3217617135988243607 cli finish PutAppend, {ErrWrongGroup}
2025/05/24 11:30:56 1 apply receive msg:{true {  Config 0 0 {2 [100 100 100 100 100 101 101 101 101 101] map[100:[server-100-0 server-100-1 server-100-2] 101:[server-101-0 server-101-1 server-101-2]]} map[] map[]} 13}
2025/05/24 11:30:56 1 repeat msg:{true {  Config 0 0 {2 [100 100 100 100 100 101 101 101 101 101] map[100:[server-100-0 server-100-1 server-100-2] 101:[server-101-0 server-101-1 server-101-2]]} map[] map[]} 13}
2025/05/24 11:30:56 1 apply receive msg:{true {  Config 0 0 {2 [100 100 100 100 100 101 101 101 101 101] map[100:[server-100-0 server-100-1 server-100-2] 101:[server-101-0 server-101-1 server-101-2]]} map[] map[]} 13}
2025/05/24 11:30:56 2 apply receive msg:{true {  Config 0 0 {2 [100 100 100 100 100 101 101 101 101 101] map[100:[server-100-0 server-100-1 server-100-2] 101:[server-101-0 server-101-1 server-101-2]]} map[] map[]} 13}
2025/05/24 11:30:56 1 repeat msg:{true {  Config 0 0 {2 [100 100 100 100 100 101 101 101 101 101] map[100:[server-100-0 server-100-1 server-100-2] 101:[server-101-0 server-101-1 server-101-2]]} map[] map[]} 13}
2025/05/24 11:30:56 2 repeat msg:{true {  Config 0 0 {2 [100 100 100 100 100 101 101 101 101 101] map[100:[server-100-0 server-100-1 server-100-2] 101:[server-101-0 server-101-1 server-101-2]]} map[] map[]} 13}
2025/05/24 11:30:56 2 apply receive msg:{true {  Config 0 0 {2 [100 100 100 100 100 101 101 101 101 101] map[100:[server-100-0 server-100-1 server-100-2] 101:[server-101-0 server-101-1 server-101-2]]} map[] map[]} 13}
2025/05/24 11:30:56 1 apply receive msg:{true {  Config 0 0 {2 [100 100 100 100 100 101 101 101 101 101] map[100:[server-100-0 server-100-1 server-100-2] 101:[server-101-0 server-101-1 server-101-2]]} map[] map[]} 13}
2025/05/24 11:30:56 2 repeat msg:{true {  Config 0 0 {2 [100 100 100 100 100 101 101 101 101 101] map[100:[server-100-0 server-100-1 server-100-2] 101:[server-101-0 server-101-1 server-101-2]]} map[] map[]} 13}
2025/05/24 11:30:56 1 repeat msg:{true {  Config 0 0 {2 [100 100 100 100 100 101 101 101 101 101] map[100:[server-100-0 server-100-1 server-100-2] 101:[server-101-0 server-101-1 server-101-2]]} map[] map[]} 13}
2025/05/24 11:30:56 0 recieve newConfig...kv.lastConfig:{1 [100 100 100 100 100 100 100 100 100 100] map[100:[server-100-0 server-100-1 server-100-2]]}, newConfig:{2 [100 100 100 100 100 101 101 101 101 101] map[100:[server-100-0 server-100-1 server-100-2] 101:[server-101-0 server-101-1 server-101-2]]}
2025/05/24 11:30:56 0 recieve newConfig...kv.lastConfig:{1 [100 100 100 100 100 100 100 100 100 100] map[100:[server-100-0 server-100-1 server-100-2]]}, newConfig:{2 [100 100 100 100 100 101 101 101 101 101] map[100:[server-100-0 server-100-1 server-100-2] 101:[server-101-0 server-101-1 server-101-2]]}
2025/05/24 11:30:56 0 apply receive msg:{true {  Config 0 0 {2 [100 100 100 100 100 101 101 101 101 101] map[100:[server-100-0 server-100-1 server-100-2] 101:[server-101-0 server-101-1 server-101-2]]} map[] map[]} 13}
2025/05/24 11:30:56 2 apply receive msg:{true {  Config 0 0 {2 [100 100 100 100 100 101 101 101 101 101] map[100:[server-100-0 server-100-1 server-100-2] 101:[server-101-0 server-101-1 server-101-2]]} map[] map[]} 13}
2025/05/24 11:30:56 0 repeat msg:{true {  Config 0 0 {2 [100 100 100 100 100 101 101 101 101 101] map[100:[server-100-0 server-100-1 server-100-2] 101:[server-101-0 server-101-1 server-101-2]]} map[] map[]} 13}
2025/05/24 11:30:56 2 repeat msg:{true {  Config 0 0 {2 [100 100 100 100 100 101 101 101 101 101] map[100:[server-100-0 server-100-1 server-100-2] 101:[server-101-0 server-101-1 server-101-2]]} map[] map[]} 13}
2025/05/24 11:30:56 0 apply receive msg:{true {  Config 0 0 {2 [100 100 100 100 100 101 101 101 101 101] map[100:[server-100-0 server-100-1 server-100-2] 101:[server-101-0 server-101-1 server-101-2]]} map[] map[]} 14}
2025/05/24 11:30:56 0 repeat msg:{true {  Config 0 0 {2 [100 100 100 100 100 101 101 101 101 101] map[100:[server-100-0 server-100-1 server-100-2] 101:[server-101-0 server-101-1 server-101-2]]} map[] map[]} 14}
2025/05/24 11:30:56 0 apply receive msg:{true {  Config 0 0 {2 [100 100 100 100 100 101 101 101 101 101] map[100:[server-100-0 server-100-1 server-100-2] 101:[server-101-0 server-101-1 server-101-2]]} map[] map[]} 14}
2025/05/24 11:30:56 0 repeat msg:{true {  Config 0 0 {2 [100 100 100 100 100 101 101 101 101 101] map[100:[server-100-0 server-100-1 server-100-2] 101:[server-101-0 server-101-1 server-101-2]]} map[] map[]} 14}
2025/05/24 11:30:56 3217617135988243607 cli begin PutAppend, 101
2025/05/24 11:30:56 1 recieve newConfig...kv.lastConfig:{1 [100 100 100 100 100 100 100 100 100 100] map[100:[server-100-0 server-100-1 server-100-2]]}, newConfig:{2 [100 100 100 100 100 101 101 101 101 101] map[100:[server-100-0 server-100-1 server-100-2] 101:[server-101-0 server-101-1 server-101-2]]}
2025/05/24 11:30:56 server 0 begin putAppend, kv.lastConfig:{1 [100 100 100 100 100 100 100 100 100 100] map[100:[server-100-0 server-100-1 server-100-2]]} key2shard(args.Key):8, kv.gid:101
2025/05/24 11:30:56 3217617135988243607 cli finish PutAppend, {ErrWrongGroup}
2025/05/24 11:30:56 1 apply receive msg:{true {  Config 0 0 {2 [100 100 100 100 100 101 101 101 101 101] map[100:[server-100-0 server-100-1 server-100-2] 101:[server-101-0 server-101-1 server-101-2]]} map[] map[]} 14}
2025/05/24 11:30:56 1 repeat msg:{true {  Config 0 0 {2 [100 100 100 100 100 101 101 101 101 101] map[100:[server-100-0 server-100-1 server-100-2] 101:[server-101-0 server-101-1 server-101-2]]} map[] map[]} 14}
2025/05/24 11:30:56 1 apply receive msg:{true {  Config 0 0 {2 [100 100 100 100 100 101 101 101 101 101] map[100:[server-100-0 server-100-1 server-100-2] 101:[server-101-0 server-101-1 server-101-2]]} map[] map[]} 14}
2025/05/24 11:30:56 2 apply receive msg:{true {  Config 0 0 {2 [100 100 100 100 100 101 101 101 101 101] map[100:[server-100-0 server-100-1 server-100-2] 101:[server-101-0 server-101-1 server-101-2]]} map[] map[]} 14}
2025/05/24 11:30:56 1 repeat msg:{true {  Config 0 0 {2 [100 100 100 100 100 101 101 101 101 101] map[100:[server-100-0 server-100-1 server-100-2] 101:[server-101-0 server-101-1 server-101-2]]} map[] map[]} 14}
2025/05/24 11:30:56 2 repeat msg:{true {  Config 0 0 {2 [100 100 100 100 100 101 101 101 101 101] map[100:[server-100-0 server-100-1 server-100-2] 101:[server-101-0 server-101-1 server-101-2]]} map[] map[]} 14}
2025/05/24 11:30:56 2 apply receive msg:{true {  Config 0 0 {2 [100 100 100 100 100 101 101 101 101 101] map[100:[server-100-0 server-100-1 server-100-2] 101:[server-101-0 server-101-1 server-101-2]]} map[] map[]} 14}
2025/05/24 11:30:56 1 apply receive msg:{true {  Config 0 0 {2 [100 100 100 100 100 101 101 101 101 101] map[100:[server-100-0 server-100-1 server-100-2] 101:[server-101-0 server-101-1 server-101-2]]} map[] map[]} 14}
2025/05/24 11:30:56 2 repeat msg:{true {  Config 0 0 {2 [100 100 100 100 100 101 101 101 101 101] map[100:[server-100-0 server-100-1 server-100-2] 101:[server-101-0 server-101-1 server-101-2]]} map[] map[]} 14}
2025/05/24 11:30:56 1 repeat msg:{true {  Config 0 0 {2 [100 100 100 100 100 101 101 101 101 101] map[100:[server-100-0 server-100-1 server-100-2] 101:[server-101-0 server-101-1 server-101-2]]} map[] map[]} 14}
2025/05/24 11:30:56 0 recieve newConfig...kv.lastConfig:{1 [100 100 100 100 100 100 100 100 100 100] map[100:[server-100-0 server-100-1 server-100-2]]}, newConfig:{2 [100 100 100 100 100 101 101 101 101 101] map[100:[server-100-0 server-100-1 server-100-2] 101:[server-101-0 server-101-1 server-101-2]]}
2025/05/24 11:30:56 0 recieve newConfig...kv.lastConfig:{1 [100 100 100 100 100 100 100 100 100 100] map[100:[server-100-0 server-100-1 server-100-2]]}, newConfig:{2 [100 100 100 100 100 101 101 101 101 101] map[100:[server-100-0 server-100-1 server-100-2] 101:[server-101-0 server-101-1 server-101-2]]}
2025/05/24 11:30:56 0 apply receive msg:{true {  Config 0 0 {2 [100 100 100 100 100 101 101 101 101 101] map[100:[server-100-0 server-100-1 server-100-2] 101:[server-101-0 server-101-1 server-101-2]]} map[] map[]} 14}
2025/05/24 11:30:56 2 apply receive msg:{true {  Config 0 0 {2 [100 100 100 100 100 101 101 101 101 101] map[100:[server-100-0 server-100-1 server-100-2] 101:[server-101-0 server-101-1 server-101-2]]} map[] map[]} 14}
2025/05/24 11:30:56 0 repeat msg:{true {  Config 0 0 {2 [100 100 100 100 100 101 101 101 101 101] map[100:[server-100-0 server-100-1 server-100-2] 101:[server-101-0 server-101-1 server-101-2]]} map[] map[]} 14}
2025/05/24 11:30:56 2 repeat msg:{true {  Config 0 0 {2 [100 100 100 100 100 101 101 101 101 101] map[100:[server-100-0 server-100-1 server-100-2] 101:[server-101-0 server-101-1 server-101-2]]} map[] map[]} 14}
2025/05/24 11:30:56 0 apply receive msg:{true {  Config 0 0 {2 [100 100 100 100 100 101 101 101 101 101] map[100:[server-100-0 server-100-1 server-100-2] 101:[server-101-0 server-101-1 server-101-2]]} map[] map[]} 15}
2025/05/24 11:30:56 0 repeat msg:{true {  Config 0 0 {2 [100 100 100 100 100 101 101 101 101 101] map[100:[server-100-0 server-100-1 server-100-2] 101:[server-101-0 server-101-1 server-101-2]]} map[] map[]} 15}
2025/05/24 11:30:56 0 apply receive msg:{true {  Config 0 0 {2 [100 100 100 100 100 101 101 101 101 101] map[100:[server-100-0 server-100-1 server-100-2] 101:[server-101-0 server-101-1 server-101-2]]} map[] map[]} 15}
2025/05/24 11:30:56 0 repeat msg:{true {  Config 0 0 {2 [100 100 100 100 100 101 101 101 101 101] map[100:[server-100-0 server-100-1 server-100-2] 101:[server-101-0 server-101-1 server-101-2]]} map[] map[]} 15}
2025/05/24 11:30:56 3217617135988243607 cli begin PutAppend, 101
2025/05/24 11:30:56 1 recieve newConfig...kv.lastConfig:{1 [100 100 100 100 100 100 100 100 100 100] map[100:[server-100-0 server-100-1 server-100-2]]}, newConfig:{2 [100 100 100 100 100 101 101 101 101 101] map[100:[server-100-0 server-100-1 server-100-2] 101:[server-101-0 server-101-1 server-101-2]]}
2025/05/24 11:30:56 server 0 begin putAppend, kv.lastConfig:{1 [100 100 100 100 100 100 100 100 100 100] map[100:[server-100-0 server-100-1 server-100-2]]} key2shard(args.Key):8, kv.gid:101
2025/05/24 11:30:56 3217617135988243607 cli finish PutAppend, {ErrWrongGroup}
2025/05/24 11:30:56 1 apply receive msg:{true {  Config 0 0 {2 [100 100 100 100 100 101 101 101 101 101] map[100:[server-100-0 server-100-1 server-100-2] 101:[server-101-0 server-101-1 server-101-2]]} map[] map[]} 15}
2025/05/24 11:30:56 1 repeat msg:{true {  Config 0 0 {2 [100 100 100 100 100 101 101 101 101 101] map[100:[server-100-0 server-100-1 server-100-2] 101:[server-101-0 server-101-1 server-101-2]]} map[] map[]} 15}
2025/05/24 11:30:56 2 apply receive msg:{true {  Config 0 0 {2 [100 100 100 100 100 101 101 101 101 101] map[100:[server-100-0 server-100-1 server-100-2] 101:[server-101-0 server-101-1 server-101-2]]} map[] map[]} 15}
2025/05/24 11:30:56 1 apply receive msg:{true {  Config 0 0 {2 [100 100 100 100 100 101 101 101 101 101] map[100:[server-100-0 server-100-1 server-100-2] 101:[server-101-0 server-101-1 server-101-2]]} map[] map[]} 15}
2025/05/24 11:30:56 2 repeat msg:{true {  Config 0 0 {2 [100 100 100 100 100 101 101 101 101 101] map[100:[server-100-0 server-100-1 server-100-2] 101:[server-101-0 server-101-1 server-101-2]]} map[] map[]} 15}
2025/05/24 11:30:56 1 repeat msg:{true {  Config 0 0 {2 [100 100 100 100 100 101 101 101 101 101] map[100:[server-100-0 server-100-1 server-100-2] 101:[server-101-0 server-101-1 server-101-2]]} map[] map[]} 15}
2025/05/24 11:30:56 2 apply receive msg:{true {  Config 0 0 {2 [100 100 100 100 100 101 101 101 101 101] map[100:[server-100-0 server-100-1 server-100-2] 101:[server-101-0 server-101-1 server-101-2]]} map[] map[]} 15}
2025/05/24 11:30:56 1 apply receive msg:{true {  Config 0 0 {2 [100 100 100 100 100 101 101 101 101 101] map[100:[server-100-0 server-100-1 server-100-2] 101:[server-101-0 server-101-1 server-101-2]]} map[] map[]} 15}
2025/05/24 11:30:56 2 repeat msg:{true {  Config 0 0 {2 [100 100 100 100 100 101 101 101 101 101] map[100:[server-100-0 server-100-1 server-100-2] 101:[server-101-0 server-101-1 server-101-2]]} map[] map[]} 15}
2025/05/24 11:30:56 1 repeat msg:{true {  Config 0 0 {2 [100 100 100 100 100 101 101 101 101 101] map[100:[server-100-0 server-100-1 server-100-2] 101:[server-101-0 server-101-1 server-101-2]]} map[] map[]} 15}
2025/05/24 11:30:56 0 recieve newConfig...kv.lastConfig:{1 [100 100 100 100 100 100 100 100 100 100] map[100:[server-100-0 server-100-1 server-100-2]]}, newConfig:{2 [100 100 100 100 100 101 101 101 101 101] map[100:[server-100-0 server-100-1 server-100-2] 101:[server-101-0 server-101-1 server-101-2]]}
2025/05/24 11:30:56 0 recieve newConfig...kv.lastConfig:{1 [100 100 100 100 100 100 100 100 100 100] map[100:[server-100-0 server-100-1 server-100-2]]}, newConfig:{2 [100 100 100 100 100 101 101 101 101 101] map[100:[server-100-0 server-100-1 server-100-2] 101:[server-101-0 server-101-1 server-101-2]]}
2025/05/24 11:30:56 2 apply receive msg:{true {  Config 0 0 {2 [100 100 100 100 100 101 101 101 101 101] map[100:[server-100-0 server-100-1 server-100-2] 101:[server-101-0 server-101-1 server-101-2]]} map[] map[]} 15}
2025/05/24 11:30:56 0 apply receive msg:{true {  Config 0 0 {2 [100 100 100 100 100 101 101 101 101 101] map[100:[server-100-0 server-100-1 server-100-2] 101:[server-101-0 server-101-1 server-101-2]]} map[] map[]} 15}
2025/05/24 11:30:56 2 repeat msg:{true {  Config 0 0 {2 [100 100 100 100 100 101 101 101 101 101] map[100:[server-100-0 server-100-1 server-100-2] 101:[server-101-0 server-101-1 server-101-2]]} map[] map[]} 15}
2025/05/24 11:30:56 0 repeat msg:{true {  Config 0 0 {2 [100 100 100 100 100 101 101 101 101 101] map[100:[server-100-0 server-100-1 server-100-2] 101:[server-101-0 server-101-1 server-101-2]]} map[] map[]} 15}
2025/05/24 11:30:56 0 apply receive msg:{true {  Config 0 0 {2 [100 100 100 100 100 101 101 101 101 101] map[100:[server-100-0 server-100-1 server-100-2] 101:[server-101-0 server-101-1 server-101-2]]} map[] map[]} 16}
2025/05/24 11:30:56 0 repeat msg:{true {  Config 0 0 {2 [100 100 100 100 100 101 101 101 101 101] map[100:[server-100-0 server-100-1 server-100-2] 101:[server-101-0 server-101-1 server-101-2]]} map[] map[]} 16}
2025/05/24 11:30:56 0 apply receive msg:{true {  Config 0 0 {2 [100 100 100 100 100 101 101 101 101 101] map[100:[server-100-0 server-100-1 server-100-2] 101:[server-101-0 server-101-1 server-101-2]]} map[] map[]} 16}
2025/05/24 11:30:56 0 repeat msg:{true {  Config 0 0 {2 [100 100 100 100 100 101 101 101 101 101] map[100:[server-100-0 server-100-1 server-100-2] 101:[server-101-0 server-101-1 server-101-2]]} map[] map[]} 16}
2025/05/24 11:30:56 3217617135988243607 cli begin PutAppend, 101
2025/05/24 11:30:56 1 recieve newConfig...kv.lastConfig:{1 [100 100 100 100 100 100 100 100 100 100] map[100:[server-100-0 server-100-1 server-100-2]]}, newConfig:{2 [100 100 100 100 100 101 101 101 101 101] map[100:[server-100-0 server-100-1 server-100-2] 101:[server-101-0 server-101-1 server-101-2]]}
2025/05/24 11:30:56 server 0 begin putAppend, kv.lastConfig:{1 [100 100 100 100 100 100 100 100 100 100] map[100:[server-100-0 server-100-1 server-100-2]]} key2shard(args.Key):8, kv.gid:101
2025/05/24 11:30:56 3217617135988243607 cli finish PutAppend, {ErrWrongGroup}
2025/05/24 11:30:56 1 apply receive msg:{true {  Config 0 0 {2 [100 100 100 100 100 101 101 101 101 101] map[100:[server-100-0 server-100-1 server-100-2] 101:[server-101-0 server-101-1 server-101-2]]} map[] map[]} 16}
2025/05/24 11:30:56 1 repeat msg:{true {  Config 0 0 {2 [100 100 100 100 100 101 101 101 101 101] map[100:[server-100-0 server-100-1 server-100-2] 101:[server-101-0 server-101-1 server-101-2]]} map[] map[]} 16}
2025/05/24 11:30:56 1 apply receive msg:{true {  Config 0 0 {2 [100 100 100 100 100 101 101 101 101 101] map[100:[server-100-0 server-100-1 server-100-2] 101:[server-101-0 server-101-1 server-101-2]]} map[] map[]} 16}
2025/05/24 11:30:56 2 apply receive msg:{true {  Config 0 0 {2 [100 100 100 100 100 101 101 101 101 101] map[100:[server-100-0 server-100-1 server-100-2] 101:[server-101-0 server-101-1 server-101-2]]} map[] map[]} 16}
2025/05/24 11:30:56 1 repeat msg:{true {  Config 0 0 {2 [100 100 100 100 100 101 101 101 101 101] map[100:[server-100-0 server-100-1 server-100-2] 101:[server-101-0 server-101-1 server-101-2]]} map[] map[]} 16}
2025/05/24 11:30:56 2 repeat msg:{true {  Config 0 0 {2 [100 100 100 100 100 101 101 101 101 101] map[100:[server-100-0 server-100-1 server-100-2] 101:[server-101-0 server-101-1 server-101-2]]} map[] map[]} 16}
2025/05/24 11:30:56 2 apply receive msg:{true {  Config 0 0 {2 [100 100 100 100 100 101 101 101 101 101] map[100:[server-100-0 server-100-1 server-100-2] 101:[server-101-0 server-101-1 server-101-2]]} map[] map[]} 16}
2025/05/24 11:30:56 1 apply receive msg:{true {  Config 0 0 {2 [100 100 100 100 100 101 101 101 101 101] map[100:[server-100-0 server-100-1 server-100-2] 101:[server-101-0 server-101-1 server-101-2]]} map[] map[]} 16}
2025/05/24 11:30:56 2 repeat msg:{true {  Config 0 0 {2 [100 100 100 100 100 101 101 101 101 101] map[100:[server-100-0 server-100-1 server-100-2] 101:[server-101-0 server-101-1 server-101-2]]} map[] map[]} 16}
2025/05/24 11:30:56 1 repeat msg:{true {  Config 0 0 {2 [100 100 100 100 100 101 101 101 101 101] map[100:[server-100-0 server-100-1 server-100-2] 101:[server-101-0 server-101-1 server-101-2]]} map[] map[]} 16}
2025/05/24 11:30:56 0 recieve newConfig...kv.lastConfig:{1 [100 100 100 100 100 100 100 100 100 100] map[100:[server-100-0 server-100-1 server-100-2]]}, newConfig:{2 [100 100 100 100 100 101 101 101 101 101] map[100:[server-100-0 server-100-1 server-100-2] 101:[server-101-0 server-101-1 server-101-2]]}
2025/05/24 11:30:56 0 recieve newConfig...kv.lastConfig:{1 [100 100 100 100 100 100 100 100 100 100] map[100:[server-100-0 server-100-1 server-100-2]]}, newConfig:{2 [100 100 100 100 100 101 101 101 101 101] map[100:[server-100-0 server-100-1 server-100-2] 101:[server-101-0 server-101-1 server-101-2]]}
2025/05/24 11:30:56 0 apply receive msg:{true {  Config 0 0 {2 [100 100 100 100 100 101 101 101 101 101] map[100:[server-100-0 server-100-1 server-100-2] 101:[server-101-0 server-101-1 server-101-2]]} map[] map[]} 16}
2025/05/24 11:30:56 2 apply receive msg:{true {  Config 0 0 {2 [100 100 100 100 100 101 101 101 101 101] map[100:[server-100-0 server-100-1 server-100-2] 101:[server-101-0 server-101-1 server-101-2]]} map[] map[]} 16}
2025/05/24 11:30:56 0 repeat msg:{true {  Config 0 0 {2 [100 100 100 100 100 101 101 101 101 101] map[100:[server-100-0 server-100-1 server-100-2] 101:[server-101-0 server-101-1 server-101-2]]} map[] map[]} 16}
2025/05/24 11:30:56 2 repeat msg:{true {  Config 0 0 {2 [100 100 100 100 100 101 101 101 101 101] map[100:[server-100-0 server-100-1 server-100-2] 101:[server-101-0 server-101-1 server-101-2]]} map[] map[]} 16}
2025/05/24 11:30:56 0 apply receive msg:{true {  Config 0 0 {2 [100 100 100 100 100 101 101 101 101 101] map[100:[server-100-0 server-100-1 server-100-2] 101:[server-101-0 server-101-1 server-101-2]]} map[] map[]} 17}
2025/05/24 11:30:56 0 repeat msg:{true {  Config 0 0 {2 [100 100 100 100 100 101 101 101 101 101] map[100:[server-100-0 server-100-1 server-100-2] 101:[server-101-0 server-101-1 server-101-2]]} map[] map[]} 17}
2025/05/24 11:30:56 0 apply receive msg:{true {  Config 0 0 {2 [100 100 100 100 100 101 101 101 101 101] map[100:[server-100-0 server-100-1 server-100-2] 101:[server-101-0 server-101-1 server-101-2]]} map[] map[]} 17}
2025/05/24 11:30:56 0 repeat msg:{true {  Config 0 0 {2 [100 100 100 100 100 101 101 101 101 101] map[100:[server-100-0 server-100-1 server-100-2] 101:[server-101-0 server-101-1 server-101-2]]} map[] map[]} 17}
2025/05/24 11:30:56 3217617135988243607 cli begin PutAppend, 101
2025/05/24 11:30:56 1 recieve newConfig...kv.lastConfig:{1 [100 100 100 100 100 100 100 100 100 100] map[100:[server-100-0 server-100-1 server-100-2]]}, newConfig:{2 [100 100 100 100 100 101 101 101 101 101] map[100:[server-100-0 server-100-1 server-100-2] 101:[server-101-0 server-101-1 server-101-2]]}
2025/05/24 11:30:56 server 0 begin putAppend, kv.lastConfig:{1 [100 100 100 100 100 100 100 100 100 100] map[100:[server-100-0 server-100-1 server-100-2]]} key2shard(args.Key):8, kv.gid:101
2025/05/24 11:30:56 3217617135988243607 cli finish PutAppend, {ErrWrongGroup}
2025/05/24 11:30:56 1 apply receive msg:{true {  Config 0 0 {2 [100 100 100 100 100 101 101 101 101 101] map[100:[server-100-0 server-100-1 server-100-2] 101:[server-101-0 server-101-1 server-101-2]]} map[] map[]} 17}
2025/05/24 11:30:56 1 repeat msg:{true {  Config 0 0 {2 [100 100 100 100 100 101 101 101 101 101] map[100:[server-100-0 server-100-1 server-100-2] 101:[server-101-0 server-101-1 server-101-2]]} map[] map[]} 17}
2025/05/24 11:30:56 1 apply receive msg:{true {  Config 0 0 {2 [100 100 100 100 100 101 101 101 101 101] map[100:[server-100-0 server-100-1 server-100-2] 101:[server-101-0 server-101-1 server-101-2]]} map[] map[]} 17}
2025/05/24 11:30:56 2 apply receive msg:{true {  Config 0 0 {2 [100 100 100 100 100 101 101 101 101 101] map[100:[server-100-0 server-100-1 server-100-2] 101:[server-101-0 server-101-1 server-101-2]]} map[] map[]} 17}
2025/05/24 11:30:56 1 repeat msg:{true {  Config 0 0 {2 [100 100 100 100 100 101 101 101 101 101] map[100:[server-100-0 server-100-1 server-100-2] 101:[server-101-0 server-101-1 server-101-2]]} map[] map[]} 17}
2025/05/24 11:30:56 2 repeat msg:{true {  Config 0 0 {2 [100 100 100 100 100 101 101 101 101 101] map[100:[server-100-0 server-100-1 server-100-2] 101:[server-101-0 server-101-1 server-101-2]]} map[] map[]} 17}
2025/05/24 11:30:56 2 apply receive msg:{true {  Config 0 0 {2 [100 100 100 100 100 101 101 101 101 101] map[100:[server-100-0 server-100-1 server-100-2] 101:[server-101-0 server-101-1 server-101-2]]} map[] map[]} 17}
2025/05/24 11:30:56 1 apply receive msg:{true {  Config 0 0 {2 [100 100 100 100 100 101 101 101 101 101] map[100:[server-100-0 server-100-1 server-100-2] 101:[server-101-0 server-101-1 server-101-2]]} map[] map[]} 17}
2025/05/24 11:30:56 2 repeat msg:{true {  Config 0 0 {2 [100 100 100 100 100 101 101 101 101 101] map[100:[server-100-0 server-100-1 server-100-2] 101:[server-101-0 server-101-1 server-101-2]]} map[] map[]} 17}
2025/05/24 11:30:56 1 repeat msg:{true {  Config 0 0 {2 [100 100 100 100 100 101 101 101 101 101] map[100:[server-100-0 server-100-1 server-100-2] 101:[server-101-0 server-101-1 server-101-2]]} map[] map[]} 17}
2025/05/24 11:30:56 0 recieve newConfig...kv.lastConfig:{1 [100 100 100 100 100 100 100 100 100 100] map[100:[server-100-0 server-100-1 server-100-2]]}, newConfig:{2 [100 100 100 100 100 101 101 101 101 101] map[100:[server-100-0 server-100-1 server-100-2] 101:[server-101-0 server-101-1 server-101-2]]}
2025/05/24 11:30:56 0 recieve newConfig...kv.lastConfig:{1 [100 100 100 100 100 100 100 100 100 100] map[100:[server-100-0 server-100-1 server-100-2]]}, newConfig:{2 [100 100 100 100 100 101 101 101 101 101] map[100:[server-100-0 server-100-1 server-100-2] 101:[server-101-0 server-101-1 server-101-2]]}
2025/05/24 11:30:56 2 apply receive msg:{true {  Config 0 0 {2 [100 100 100 100 100 101 101 101 101 101] map[100:[server-100-0 server-100-1 server-100-2] 101:[server-101-0 server-101-1 server-101-2]]} map[] map[]} 17}
2025/05/24 11:30:56 0 apply receive msg:{true {  Config 0 0 {2 [100 100 100 100 100 101 101 101 101 101] map[100:[server-100-0 server-100-1 server-100-2] 101:[server-101-0 server-101-1 server-101-2]]} map[] map[]} 17}
2025/05/24 11:30:56 2 repeat msg:{true {  Config 0 0 {2 [100 100 100 100 100 101 101 101 101 101] map[100:[server-100-0 server-100-1 server-100-2] 101:[server-101-0 server-101-1 server-101-2]]} map[] map[]} 17}
2025/05/24 11:30:56 0 repeat msg:{true {  Config 0 0 {2 [100 100 100 100 100 101 101 101 101 101] map[100:[server-100-0 server-100-1 server-100-2] 101:[server-101-0 server-101-1 server-101-2]]} map[] map[]} 17}
2025/05/24 11:30:56 0 apply receive msg:{true {  Config 0 0 {2 [100 100 100 100 100 101 101 101 101 101] map[100:[server-100-0 server-100-1 server-100-2] 101:[server-101-0 server-101-1 server-101-2]]} map[] map[]} 18}
2025/05/24 11:30:56 0 repeat msg:{true {  Config 0 0 {2 [100 100 100 100 100 101 101 101 101 101] map[100:[server-100-0 server-100-1 server-100-2] 101:[server-101-0 server-101-1 server-101-2]]} map[] map[]} 18}
2025/05/24 11:30:56 0 apply receive msg:{true {  Config 0 0 {2 [100 100 100 100 100 101 101 101 101 101] map[100:[server-100-0 server-100-1 server-100-2] 101:[server-101-0 server-101-1 server-101-2]]} map[] map[]} 18}
2025/05/24 11:30:56 0 repeat msg:{true {  Config 0 0 {2 [100 100 100 100 100 101 101 101 101 101] map[100:[server-100-0 server-100-1 server-100-2] 101:[server-101-0 server-101-1 server-101-2]]} map[] map[]} 18}
2025/05/24 11:30:56 3217617135988243607 cli begin PutAppend, 101
2025/05/24 11:30:56 1 recieve newConfig...kv.lastConfig:{1 [100 100 100 100 100 100 100 100 100 100] map[100:[server-100-0 server-100-1 server-100-2]]}, newConfig:{2 [100 100 100 100 100 101 101 101 101 101] map[100:[server-100-0 server-100-1 server-100-2] 101:[server-101-0 server-101-1 server-101-2]]}
2025/05/24 11:30:56 server 0 begin putAppend, kv.lastConfig:{1 [100 100 100 100 100 100 100 100 100 100] map[100:[server-100-0 server-100-1 server-100-2]]} key2shard(args.Key):8, kv.gid:101
2025/05/24 11:30:56 3217617135988243607 cli finish PutAppend, {ErrWrongGroup}
2025/05/24 11:30:56 1 apply receive msg:{true {  Config 0 0 {2 [100 100 100 100 100 101 101 101 101 101] map[100:[server-100-0 server-100-1 server-100-2] 101:[server-101-0 server-101-1 server-101-2]]} map[] map[]} 18}
2025/05/24 11:30:56 1 repeat msg:{true {  Config 0 0 {2 [100 100 100 100 100 101 101 101 101 101] map[100:[server-100-0 server-100-1 server-100-2] 101:[server-101-0 server-101-1 server-101-2]]} map[] map[]} 18}
2025/05/24 11:30:56 1 apply receive msg:{true {  Config 0 0 {2 [100 100 100 100 100 101 101 101 101 101] map[100:[server-100-0 server-100-1 server-100-2] 101:[server-101-0 server-101-1 server-101-2]]} map[] map[]} 18}
2025/05/24 11:30:56 2 apply receive msg:{true {  Config 0 0 {2 [100 100 100 100 100 101 101 101 101 101] map[100:[server-100-0 server-100-1 server-100-2] 101:[server-101-0 server-101-1 server-101-2]]} map[] map[]} 18}
2025/05/24 11:30:56 1 repeat msg:{true {  Config 0 0 {2 [100 100 100 100 100 101 101 101 101 101] map[100:[server-100-0 server-100-1 server-100-2] 101:[server-101-0 server-101-1 server-101-2]]} map[] map[]} 18}
2025/05/24 11:30:56 2 repeat msg:{true {  Config 0 0 {2 [100 100 100 100 100 101 101 101 101 101] map[100:[server-100-0 server-100-1 server-100-2] 101:[server-101-0 server-101-1 server-101-2]]} map[] map[]} 18}
2025/05/24 11:30:56 1 apply receive msg:{true {  Config 0 0 {2 [100 100 100 100 100 101 101 101 101 101] map[100:[server-100-0 server-100-1 server-100-2] 101:[server-101-0 server-101-1 server-101-2]]} map[] map[]} 18}
2025/05/24 11:30:56 2 apply receive msg:{true {  Config 0 0 {2 [100 100 100 100 100 101 101 101 101 101] map[100:[server-100-0 server-100-1 server-100-2] 101:[server-101-0 server-101-1 server-101-2]]} map[] map[]} 18}
2025/05/24 11:30:56 1 repeat msg:{true {  Config 0 0 {2 [100 100 100 100 100 101 101 101 101 101] map[100:[server-100-0 server-100-1 server-100-2] 101:[server-101-0 server-101-1 server-101-2]]} map[] map[]} 18}
2025/05/24 11:30:56 2 repeat msg:{true {  Config 0 0 {2 [100 100 100 100 100 101 101 101 101 101] map[100:[server-100-0 server-100-1 server-100-2] 101:[server-101-0 server-101-1 server-101-2]]} map[] map[]} 18}
2025/05/24 11:30:56 0 recieve newConfig...kv.lastConfig:{1 [100 100 100 100 100 100 100 100 100 100] map[100:[server-100-0 server-100-1 server-100-2]]}, newConfig:{2 [100 100 100 100 100 101 101 101 101 101] map[100:[server-100-0 server-100-1 server-100-2] 101:[server-101-0 server-101-1 server-101-2]]}
2025/05/24 11:30:56 0 recieve newConfig...kv.lastConfig:{1 [100 100 100 100 100 100 100 100 100 100] map[100:[server-100-0 server-100-1 server-100-2]]}, newConfig:{2 [100 100 100 100 100 101 101 101 101 101] map[100:[server-100-0 server-100-1 server-100-2] 101:[server-101-0 server-101-1 server-101-2]]}
2025/05/24 11:30:57 2 apply receive msg:{true {  Config 0 0 {2 [100 100 100 100 100 101 101 101 101 101] map[100:[server-100-0 server-100-1 server-100-2] 101:[server-101-0 server-101-1 server-101-2]]} map[] map[]} 18}
2025/05/24 11:30:57 2 repeat msg:{true {  Config 0 0 {2 [100 100 100 100 100 101 101 101 101 101] map[100:[server-100-0 server-100-1 server-100-2] 101:[server-101-0 server-101-1 server-101-2]]} map[] map[]} 18}
2025/05/24 11:30:57 0 apply receive msg:{true {  Config 0 0 {2 [100 100 100 100 100 101 101 101 101 101] map[100:[server-100-0 server-100-1 server-100-2] 101:[server-101-0 server-101-1 server-101-2]]} map[] map[]} 18}
2025/05/24 11:30:57 0 repeat msg:{true {  Config 0 0 {2 [100 100 100 100 100 101 101 101 101 101] map[100:[server-100-0 server-100-1 server-100-2] 101:[server-101-0 server-101-1 server-101-2]]} map[] map[]} 18}
2025/05/24 11:30:57 0 apply receive msg:{true {  Config 0 0 {2 [100 100 100 100 100 101 101 101 101 101] map[100:[server-100-0 server-100-1 server-100-2] 101:[server-101-0 server-101-1 server-101-2]]} map[] map[]} 19}
2025/05/24 11:30:57 0 repeat msg:{true {  Config 0 0 {2 [100 100 100 100 100 101 101 101 101 101] map[100:[server-100-0 server-100-1 server-100-2] 101:[server-101-0 server-101-1 server-101-2]]} map[] map[]} 19}
2025/05/24 11:30:57 0 apply receive msg:{true {  Config 0 0 {2 [100 100 100 100 100 101 101 101 101 101] map[100:[server-100-0 server-100-1 server-100-2] 101:[server-101-0 server-101-1 server-101-2]]} map[] map[]} 19}
2025/05/24 11:30:57 0 repeat msg:{true {  Config 0 0 {2 [100 100 100 100 100 101 101 101 101 101] map[100:[server-100-0 server-100-1 server-100-2] 101:[server-101-0 server-101-1 server-101-2]]} map[] map[]} 19}
2025/05/24 11:30:57 3217617135988243607 cli begin PutAppend, 101
2025/05/24 11:30:57 1 recieve newConfig...kv.lastConfig:{1 [100 100 100 100 100 100 100 100 100 100] map[100:[server-100-0 server-100-1 server-100-2]]}, newConfig:{2 [100 100 100 100 100 101 101 101 101 101] map[100:[server-100-0 server-100-1 server-100-2] 101:[server-101-0 server-101-1 server-101-2]]}
2025/05/24 11:30:57 server 0 begin putAppend, kv.lastConfig:{1 [100 100 100 100 100 100 100 100 100 100] map[100:[server-100-0 server-100-1 server-100-2]]} key2shard(args.Key):8, kv.gid:101
2025/05/24 11:30:57 3217617135988243607 cli finish PutAppend, {ErrWrongGroup}
2025/05/24 11:30:57 1 apply receive msg:{true {  Config 0 0 {2 [100 100 100 100 100 101 101 101 101 101] map[100:[server-100-0 server-100-1 server-100-2] 101:[server-101-0 server-101-1 server-101-2]]} map[] map[]} 19}
2025/05/24 11:30:57 1 repeat msg:{true {  Config 0 0 {2 [100 100 100 100 100 101 101 101 101 101] map[100:[server-100-0 server-100-1 server-100-2] 101:[server-101-0 server-101-1 server-101-2]]} map[] map[]} 19}
2025/05/24 11:30:57 1 apply receive msg:{true {  Config 0 0 {2 [100 100 100 100 100 101 101 101 101 101] map[100:[server-100-0 server-100-1 server-100-2] 101:[server-101-0 server-101-1 server-101-2]]} map[] map[]} 19}
2025/05/24 11:30:57 2 apply receive msg:{true {  Config 0 0 {2 [100 100 100 100 100 101 101 101 101 101] map[100:[server-100-0 server-100-1 server-100-2] 101:[server-101-0 server-101-1 server-101-2]]} map[] map[]} 19}
2025/05/24 11:30:57 1 repeat msg:{true {  Config 0 0 {2 [100 100 100 100 100 101 101 101 101 101] map[100:[server-100-0 server-100-1 server-100-2] 101:[server-101-0 server-101-1 server-101-2]]} map[] map[]} 19}
2025/05/24 11:30:57 2 repeat msg:{true {  Config 0 0 {2 [100 100 100 100 100 101 101 101 101 101] map[100:[server-100-0 server-100-1 server-100-2] 101:[server-101-0 server-101-1 server-101-2]]} map[] map[]} 19}
2025/05/24 11:30:57 2 apply receive msg:{true {  Config 0 0 {2 [100 100 100 100 100 101 101 101 101 101] map[100:[server-100-0 server-100-1 server-100-2] 101:[server-101-0 server-101-1 server-101-2]]} map[] map[]} 19}
2025/05/24 11:30:57 1 apply receive msg:{true {  Config 0 0 {2 [100 100 100 100 100 101 101 101 101 101] map[100:[server-100-0 server-100-1 server-100-2] 101:[server-101-0 server-101-1 server-101-2]]} map[] map[]} 19}
2025/05/24 11:30:57 2 repeat msg:{true {  Config 0 0 {2 [100 100 100 100 100 101 101 101 101 101] map[100:[server-100-0 server-100-1 server-100-2] 101:[server-101-0 server-101-1 server-101-2]]} map[] map[]} 19}
2025/05/24 11:30:57 1 repeat msg:{true {  Config 0 0 {2 [100 100 100 100 100 101 101 101 101 101] map[100:[server-100-0 server-100-1 server-100-2] 101:[server-101-0 server-101-1 server-101-2]]} map[] map[]} 19}
2025/05/24 11:30:57 0 recieve newConfig...kv.lastConfig:{1 [100 100 100 100 100 100 100 100 100 100] map[100:[server-100-0 server-100-1 server-100-2]]}, newConfig:{2 [100 100 100 100 100 101 101 101 101 101] map[100:[server-100-0 server-100-1 server-100-2] 101:[server-101-0 server-101-1 server-101-2]]}
2025/05/24 11:30:57 0 recieve newConfig...kv.lastConfig:{1 [100 100 100 100 100 100 100 100 100 100] map[100:[server-100-0 server-100-1 server-100-2]]}, newConfig:{2 [100 100 100 100 100 101 101 101 101 101] map[100:[server-100-0 server-100-1 server-100-2] 101:[server-101-0 server-101-1 server-101-2]]}
2025/05/24 11:30:57 0 apply receive msg:{true {  Config 0 0 {2 [100 100 100 100 100 101 101 101 101 101] map[100:[server-100-0 server-100-1 server-100-2] 101:[server-101-0 server-101-1 server-101-2]]} map[] map[]} 19}
2025/05/24 11:30:57 2 apply receive msg:{true {  Config 0 0 {2 [100 100 100 100 100 101 101 101 101 101] map[100:[server-100-0 server-100-1 server-100-2] 101:[server-101-0 server-101-1 server-101-2]]} map[] map[]} 19}
2025/05/24 11:30:57 0 repeat msg:{true {  Config 0 0 {2 [100 100 100 100 100 101 101 101 101 101] map[100:[server-100-0 server-100-1 server-100-2] 101:[server-101-0 server-101-1 server-101-2]]} map[] map[]} 19}
2025/05/24 11:30:57 2 repeat msg:{true {  Config 0 0 {2 [100 100 100 100 100 101 101 101 101 101] map[100:[server-100-0 server-100-1 server-100-2] 101:[server-101-0 server-101-1 server-101-2]]} map[] map[]} 19}
2025/05/24 11:30:57 0 apply receive msg:{true {  Config 0 0 {2 [100 100 100 100 100 101 101 101 101 101] map[100:[server-100-0 server-100-1 server-100-2] 101:[server-101-0 server-101-1 server-101-2]]} map[] map[]} 20}
2025/05/24 11:30:57 0 repeat msg:{true {  Config 0 0 {2 [100 100 100 100 100 101 101 101 101 101] map[100:[server-100-0 server-100-1 server-100-2] 101:[server-101-0 server-101-1 server-101-2]]} map[] map[]} 20}
2025/05/24 11:30:57 0 apply receive msg:{true {  Config 0 0 {2 [100 100 100 100 100 101 101 101 101 101] map[100:[server-100-0 server-100-1 server-100-2] 101:[server-101-0 server-101-1 server-101-2]]} map[] map[]} 20}
2025/05/24 11:30:57 0 repeat msg:{true {  Config 0 0 {2 [100 100 100 100 100 101 101 101 101 101] map[100:[server-100-0 server-100-1 server-100-2] 101:[server-101-0 server-101-1 server-101-2]]} map[] map[]} 20}
2025/05/24 11:30:57 3217617135988243607 cli begin PutAppend, 101
2025/05/24 11:30:57 1 recieve newConfig...kv.lastConfig:{1 [100 100 100 100 100 100 100 100 100 100] map[100:[server-100-0 server-100-1 server-100-2]]}, newConfig:{2 [100 100 100 100 100 101 101 101 101 101] map[100:[server-100-0 server-100-1 server-100-2] 101:[server-101-0 server-101-1 server-101-2]]}
2025/05/24 11:30:57 server 0 begin putAppend, kv.lastConfig:{1 [100 100 100 100 100 100 100 100 100 100] map[100:[server-100-0 server-100-1 server-100-2]]} key2shard(args.Key):8, kv.gid:101
2025/05/24 11:30:57 3217617135988243607 cli finish PutAppend, {ErrWrongGroup}
2025/05/24 11:30:57 1 apply receive msg:{true {  Config 0 0 {2 [100 100 100 100 100 101 101 101 101 101] map[100:[server-100-0 server-100-1 server-100-2] 101:[server-101-0 server-101-1 server-101-2]]} map[] map[]} 20}
2025/05/24 11:30:57 1 repeat msg:{true {  Config 0 0 {2 [100 100 100 100 100 101 101 101 101 101] map[100:[server-100-0 server-100-1 server-100-2] 101:[server-101-0 server-101-1 server-101-2]]} map[] map[]} 20}
2025/05/24 11:30:57 1 apply receive msg:{true {  Config 0 0 {2 [100 100 100 100 100 101 101 101 101 101] map[100:[server-100-0 server-100-1 server-100-2] 101:[server-101-0 server-101-1 server-101-2]]} map[] map[]} 20}
2025/05/24 11:30:57 2 apply receive msg:{true {  Config 0 0 {2 [100 100 100 100 100 101 101 101 101 101] map[100:[server-100-0 server-100-1 server-100-2] 101:[server-101-0 server-101-1 server-101-2]]} map[] map[]} 20}
2025/05/24 11:30:57 1 repeat msg:{true {  Config 0 0 {2 [100 100 100 100 100 101 101 101 101 101] map[100:[server-100-0 server-100-1 server-100-2] 101:[server-101-0 server-101-1 server-101-2]]} map[] map[]} 20}
2025/05/24 11:30:57 2 repeat msg:{true {  Config 0 0 {2 [100 100 100 100 100 101 101 101 101 101] map[100:[server-100-0 server-100-1 server-100-2] 101:[server-101-0 server-101-1 server-101-2]]} map[] map[]} 20}
2025/05/24 11:30:57 2 apply receive msg:{true {  Config 0 0 {2 [100 100 100 100 100 101 101 101 101 101] map[100:[server-100-0 server-100-1 server-100-2] 101:[server-101-0 server-101-1 server-101-2]]} map[] map[]} 20}
2025/05/24 11:30:57 1 apply receive msg:{true {  Config 0 0 {2 [100 100 100 100 100 101 101 101 101 101] map[100:[server-100-0 server-100-1 server-100-2] 101:[server-101-0 server-101-1 server-101-2]]} map[] map[]} 20}
2025/05/24 11:30:57 2 repeat msg:{true {  Config 0 0 {2 [100 100 100 100 100 101 101 101 101 101] map[100:[server-100-0 server-100-1 server-100-2] 101:[server-101-0 server-101-1 server-101-2]]} map[] map[]} 20}
2025/05/24 11:30:57 1 repeat msg:{true {  Config 0 0 {2 [100 100 100 100 100 101 101 101 101 101] map[100:[server-100-0 server-100-1 server-100-2] 101:[server-101-0 server-101-1 server-101-2]]} map[] map[]} 20}
2025/05/24 11:30:57 0 recieve newConfig...kv.lastConfig:{1 [100 100 100 100 100 100 100 100 100 100] map[100:[server-100-0 server-100-1 server-100-2]]}, newConfig:{2 [100 100 100 100 100 101 101 101 101 101] map[100:[server-100-0 server-100-1 server-100-2] 101:[server-101-0 server-101-1 server-101-2]]}
2025/05/24 11:30:57 0 recieve newConfig...kv.lastConfig:{1 [100 100 100 100 100 100 100 100 100 100] map[100:[server-100-0 server-100-1 server-100-2]]}, newConfig:{2 [100 100 100 100 100 101 101 101 101 101] map[100:[server-100-0 server-100-1 server-100-2] 101:[server-101-0 server-101-1 server-101-2]]}
2025/05/24 11:30:57 2 apply receive msg:{true {  Config 0 0 {2 [100 100 100 100 100 101 101 101 101 101] map[100:[server-100-0 server-100-1 server-100-2] 101:[server-101-0 server-101-1 server-101-2]]} map[] map[]} 20}
2025/05/24 11:30:57 0 apply receive msg:{true {  Config 0 0 {2 [100 100 100 100 100 101 101 101 101 101] map[100:[server-100-0 server-100-1 server-100-2] 101:[server-101-0 server-101-1 server-101-2]]} map[] map[]} 20}
2025/05/24 11:30:57 2 repeat msg:{true {  Config 0 0 {2 [100 100 100 100 100 101 101 101 101 101] map[100:[server-100-0 server-100-1 server-100-2] 101:[server-101-0 server-101-1 server-101-2]]} map[] map[]} 20}
2025/05/24 11:30:57 0 repeat msg:{true {  Config 0 0 {2 [100 100 100 100 100 101 101 101 101 101] map[100:[server-100-0 server-100-1 server-100-2] 101:[server-101-0 server-101-1 server-101-2]]} map[] map[]} 20}
2025/05/24 11:30:57 0 apply receive msg:{true {  Config 0 0 {2 [100 100 100 100 100 101 101 101 101 101] map[100:[server-100-0 server-100-1 server-100-2] 101:[server-101-0 server-101-1 server-101-2]]} map[] map[]} 21}
2025/05/24 11:30:57 0 repeat msg:{true {  Config 0 0 {2 [100 100 100 100 100 101 101 101 101 101] map[100:[server-100-0 server-100-1 server-100-2] 101:[server-101-0 server-101-1 server-101-2]]} map[] map[]} 21}
2025/05/24 11:30:57 0 apply receive msg:{true {  Config 0 0 {2 [100 100 100 100 100 101 101 101 101 101] map[100:[server-100-0 server-100-1 server-100-2] 101:[server-101-0 server-101-1 server-101-2]]} map[] map[]} 21}
2025/05/24 11:30:57 0 repeat msg:{true {  Config 0 0 {2 [100 100 100 100 100 101 101 101 101 101] map[100:[server-100-0 server-100-1 server-100-2] 101:[server-101-0 server-101-1 server-101-2]]} map[] map[]} 21}
2025/05/24 11:30:57 3217617135988243607 cli begin PutAppend, 101
2025/05/24 11:30:57 1 recieve newConfig...kv.lastConfig:{1 [100 100 100 100 100 100 100 100 100 100] map[100:[server-100-0 server-100-1 server-100-2]]}, newConfig:{2 [100 100 100 100 100 101 101 101 101 101] map[100:[server-100-0 server-100-1 server-100-2] 101:[server-101-0 server-101-1 server-101-2]]}
2025/05/24 11:30:57 server 0 begin putAppend, kv.lastConfig:{1 [100 100 100 100 100 100 100 100 100 100] map[100:[server-100-0 server-100-1 server-100-2]]} key2shard(args.Key):8, kv.gid:101
2025/05/24 11:30:57 3217617135988243607 cli finish PutAppend, {ErrWrongGroup}
2025/05/24 11:30:57 1 apply receive msg:{true {  Config 0 0 {2 [100 100 100 100 100 101 101 101 101 101] map[100:[server-100-0 server-100-1 server-100-2] 101:[server-101-0 server-101-1 server-101-2]]} map[] map[]} 21}
2025/05/24 11:30:57 1 repeat msg:{true {  Config 0 0 {2 [100 100 100 100 100 101 101 101 101 101] map[100:[server-100-0 server-100-1 server-100-2] 101:[server-101-0 server-101-1 server-101-2]]} map[] map[]} 21}
2025/05/24 11:30:57 1 apply receive msg:{true {  Config 0 0 {2 [100 100 100 100 100 101 101 101 101 101] map[100:[server-100-0 server-100-1 server-100-2] 101:[server-101-0 server-101-1 server-101-2]]} map[] map[]} 21}
2025/05/24 11:30:57 2 apply receive msg:{true {  Config 0 0 {2 [100 100 100 100 100 101 101 101 101 101] map[100:[server-100-0 server-100-1 server-100-2] 101:[server-101-0 server-101-1 server-101-2]]} map[] map[]} 21}
2025/05/24 11:30:57 1 repeat msg:{true {  Config 0 0 {2 [100 100 100 100 100 101 101 101 101 101] map[100:[server-100-0 server-100-1 server-100-2] 101:[server-101-0 server-101-1 server-101-2]]} map[] map[]} 21}
2025/05/24 11:30:57 2 repeat msg:{true {  Config 0 0 {2 [100 100 100 100 100 101 101 101 101 101] map[100:[server-100-0 server-100-1 server-100-2] 101:[server-101-0 server-101-1 server-101-2]]} map[] map[]} 21}
2025/05/24 11:30:57 2 apply receive msg:{true {  Config 0 0 {2 [100 100 100 100 100 101 101 101 101 101] map[100:[server-100-0 server-100-1 server-100-2] 101:[server-101-0 server-101-1 server-101-2]]} map[] map[]} 21}
2025/05/24 11:30:57 1 apply receive msg:{true {  Config 0 0 {2 [100 100 100 100 100 101 101 101 101 101] map[100:[server-100-0 server-100-1 server-100-2] 101:[server-101-0 server-101-1 server-101-2]]} map[] map[]} 21}
2025/05/24 11:30:57 2 repeat msg:{true {  Config 0 0 {2 [100 100 100 100 100 101 101 101 101 101] map[100:[server-100-0 server-100-1 server-100-2] 101:[server-101-0 server-101-1 server-101-2]]} map[] map[]} 21}
2025/05/24 11:30:57 1 repeat msg:{true {  Config 0 0 {2 [100 100 100 100 100 101 101 101 101 101] map[100:[server-100-0 server-100-1 server-100-2] 101:[server-101-0 server-101-1 server-101-2]]} map[] map[]} 21}
2025/05/24 11:30:57 0 recieve newConfig...kv.lastConfig:{1 [100 100 100 100 100 100 100 100 100 100] map[100:[server-100-0 server-100-1 server-100-2]]}, newConfig:{2 [100 100 100 100 100 101 101 101 101 101] map[100:[server-100-0 server-100-1 server-100-2] 101:[server-101-0 server-101-1 server-101-2]]}
2025/05/24 11:30:57 0 recieve newConfig...kv.lastConfig:{1 [100 100 100 100 100 100 100 100 100 100] map[100:[server-100-0 server-100-1 server-100-2]]}, newConfig:{2 [100 100 100 100 100 101 101 101 101 101] map[100:[server-100-0 server-100-1 server-100-2] 101:[server-101-0 server-101-1 server-101-2]]}
2025/05/24 11:30:57 2 apply receive msg:{true {  Config 0 0 {2 [100 100 100 100 100 101 101 101 101 101] map[100:[server-100-0 server-100-1 server-100-2] 101:[server-101-0 server-101-1 server-101-2]]} map[] map[]} 21}
2025/05/24 11:30:57 0 apply receive msg:{true {  Config 0 0 {2 [100 100 100 100 100 101 101 101 101 101] map[100:[server-100-0 server-100-1 server-100-2] 101:[server-101-0 server-101-1 server-101-2]]} map[] map[]} 21}
2025/05/24 11:30:57 2 repeat msg:{true {  Config 0 0 {2 [100 100 100 100 100 101 101 101 101 101] map[100:[server-100-0 server-100-1 server-100-2] 101:[server-101-0 server-101-1 server-101-2]]} map[] map[]} 21}
2025/05/24 11:30:57 0 repeat msg:{true {  Config 0 0 {2 [100 100 100 100 100 101 101 101 101 101] map[100:[server-100-0 server-100-1 server-100-2] 101:[server-101-0 server-101-1 server-101-2]]} map[] map[]} 21}
2025/05/24 11:30:57 0 apply receive msg:{true {  Config 0 0 {2 [100 100 100 100 100 101 101 101 101 101] map[100:[server-100-0 server-100-1 server-100-2] 101:[server-101-0 server-101-1 server-101-2]]} map[] map[]} 22}
2025/05/24 11:30:57 0 repeat msg:{true {  Config 0 0 {2 [100 100 100 100 100 101 101 101 101 101] map[100:[server-100-0 server-100-1 server-100-2] 101:[server-101-0 server-101-1 server-101-2]]} map[] map[]} 22}
2025/05/24 11:30:57 0 apply receive msg:{true {  Config 0 0 {2 [100 100 100 100 100 101 101 101 101 101] map[100:[server-100-0 server-100-1 server-100-2] 101:[server-101-0 server-101-1 server-101-2]]} map[] map[]} 22}
2025/05/24 11:30:57 0 repeat msg:{true {  Config 0 0 {2 [100 100 100 100 100 101 101 101 101 101] map[100:[server-100-0 server-100-1 server-100-2] 101:[server-101-0 server-101-1 server-101-2]]} map[] map[]} 22}
2025/05/24 11:30:57 3217617135988243607 cli begin PutAppend, 101
2025/05/24 11:30:57 1 recieve newConfig...kv.lastConfig:{1 [100 100 100 100 100 100 100 100 100 100] map[100:[server-100-0 server-100-1 server-100-2]]}, newConfig:{2 [100 100 100 100 100 101 101 101 101 101] map[100:[server-100-0 server-100-1 server-100-2] 101:[server-101-0 server-101-1 server-101-2]]}
2025/05/24 11:30:57 server 0 begin putAppend, kv.lastConfig:{1 [100 100 100 100 100 100 100 100 100 100] map[100:[server-100-0 server-100-1 server-100-2]]} key2shard(args.Key):8, kv.gid:101
2025/05/24 11:30:57 3217617135988243607 cli finish PutAppend, {ErrWrongGroup}
2025/05/24 11:30:57 1 apply receive msg:{true {  Config 0 0 {2 [100 100 100 100 100 101 101 101 101 101] map[100:[server-100-0 server-100-1 server-100-2] 101:[server-101-0 server-101-1 server-101-2]]} map[] map[]} 22}
2025/05/24 11:30:57 1 repeat msg:{true {  Config 0 0 {2 [100 100 100 100 100 101 101 101 101 101] map[100:[server-100-0 server-100-1 server-100-2] 101:[server-101-0 server-101-1 server-101-2]]} map[] map[]} 22}
2025/05/24 11:30:57 2 apply receive msg:{true {  Config 0 0 {2 [100 100 100 100 100 101 101 101 101 101] map[100:[server-100-0 server-100-1 server-100-2] 101:[server-101-0 server-101-1 server-101-2]]} map[] map[]} 22}
2025/05/24 11:30:57 1 apply receive msg:{true {  Config 0 0 {2 [100 100 100 100 100 101 101 101 101 101] map[100:[server-100-0 server-100-1 server-100-2] 101:[server-101-0 server-101-1 server-101-2]]} map[] map[]} 22}
2025/05/24 11:30:57 2 repeat msg:{true {  Config 0 0 {2 [100 100 100 100 100 101 101 101 101 101] map[100:[server-100-0 server-100-1 server-100-2] 101:[server-101-0 server-101-1 server-101-2]]} map[] map[]} 22}
2025/05/24 11:30:57 1 repeat msg:{true {  Config 0 0 {2 [100 100 100 100 100 101 101 101 101 101] map[100:[server-100-0 server-100-1 server-100-2] 101:[server-101-0 server-101-1 server-101-2]]} map[] map[]} 22}
2025/05/24 11:30:57 1 apply receive msg:{true {  Config 0 0 {2 [100 100 100 100 100 101 101 101 101 101] map[100:[server-100-0 server-100-1 server-100-2] 101:[server-101-0 server-101-1 server-101-2]]} map[] map[]} 22}
2025/05/24 11:30:57 2 apply receive msg:{true {  Config 0 0 {2 [100 100 100 100 100 101 101 101 101 101] map[100:[server-100-0 server-100-1 server-100-2] 101:[server-101-0 server-101-1 server-101-2]]} map[] map[]} 22}
2025/05/24 11:30:57 1 repeat msg:{true {  Config 0 0 {2 [100 100 100 100 100 101 101 101 101 101] map[100:[server-100-0 server-100-1 server-100-2] 101:[server-101-0 server-101-1 server-101-2]]} map[] map[]} 22}
2025/05/24 11:30:57 2 repeat msg:{true {  Config 0 0 {2 [100 100 100 100 100 101 101 101 101 101] map[100:[server-100-0 server-100-1 server-100-2] 101:[server-101-0 server-101-1 server-101-2]]} map[] map[]} 22}
2025/05/24 11:30:57 0 recieve newConfig...kv.lastConfig:{1 [100 100 100 100 100 100 100 100 100 100] map[100:[server-100-0 server-100-1 server-100-2]]}, newConfig:{2 [100 100 100 100 100 101 101 101 101 101] map[100:[server-100-0 server-100-1 server-100-2] 101:[server-101-0 server-101-1 server-101-2]]}
2025/05/24 11:30:57 0 recieve newConfig...kv.lastConfig:{1 [100 100 100 100 100 100 100 100 100 100] map[100:[server-100-0 server-100-1 server-100-2]]}, newConfig:{2 [100 100 100 100 100 101 101 101 101 101] map[100:[server-100-0 server-100-1 server-100-2] 101:[server-101-0 server-101-1 server-101-2]]}
2025/05/24 11:30:57 2 apply receive msg:{true {  Config 0 0 {2 [100 100 100 100 100 101 101 101 101 101] map[100:[server-100-0 server-100-1 server-100-2] 101:[server-101-0 server-101-1 server-101-2]]} map[] map[]} 22}
2025/05/24 11:30:57 0 apply receive msg:{true {  Config 0 0 {2 [100 100 100 100 100 101 101 101 101 101] map[100:[server-100-0 server-100-1 server-100-2] 101:[server-101-0 server-101-1 server-101-2]]} map[] map[]} 22}
2025/05/24 11:30:57 2 repeat msg:{true {  Config 0 0 {2 [100 100 100 100 100 101 101 101 101 101] map[100:[server-100-0 server-100-1 server-100-2] 101:[server-101-0 server-101-1 server-101-2]]} map[] map[]} 22}
2025/05/24 11:30:57 0 repeat msg:{true {  Config 0 0 {2 [100 100 100 100 100 101 101 101 101 101] map[100:[server-100-0 server-100-1 server-100-2] 101:[server-101-0 server-101-1 server-101-2]]} map[] map[]} 22}
2025/05/24 11:30:57 0 apply receive msg:{true {  Config 0 0 {2 [100 100 100 100 100 101 101 101 101 101] map[100:[server-100-0 server-100-1 server-100-2] 101:[server-101-0 server-101-1 server-101-2]]} map[] map[]} 23}
2025/05/24 11:30:57 0 repeat msg:{true {  Config 0 0 {2 [100 100 100 100 100 101 101 101 101 101] map[100:[server-100-0 server-100-1 server-100-2] 101:[server-101-0 server-101-1 server-101-2]]} map[] map[]} 23}
2025/05/24 11:30:57 0 apply receive msg:{true {  Config 0 0 {2 [100 100 100 100 100 101 101 101 101 101] map[100:[server-100-0 server-100-1 server-100-2] 101:[server-101-0 server-101-1 server-101-2]]} map[] map[]} 23}
2025/05/24 11:30:57 0 repeat msg:{true {  Config 0 0 {2 [100 100 100 100 100 101 101 101 101 101] map[100:[server-100-0 server-100-1 server-100-2] 101:[server-101-0 server-101-1 server-101-2]]} map[] map[]} 23}
2025/05/24 11:30:57 3217617135988243607 cli begin PutAppend, 101
2025/05/24 11:30:57 1 recieve newConfig...kv.lastConfig:{1 [100 100 100 100 100 100 100 100 100 100] map[100:[server-100-0 server-100-1 server-100-2]]}, newConfig:{2 [100 100 100 100 100 101 101 101 101 101] map[100:[server-100-0 server-100-1 server-100-2] 101:[server-101-0 server-101-1 server-101-2]]}
2025/05/24 11:30:57 server 0 begin putAppend, kv.lastConfig:{1 [100 100 100 100 100 100 100 100 100 100] map[100:[server-100-0 server-100-1 server-100-2]]} key2shard(args.Key):8, kv.gid:101
2025/05/24 11:30:57 3217617135988243607 cli finish PutAppend, {ErrWrongGroup}
2025/05/24 11:30:57 1 apply receive msg:{true {  Config 0 0 {2 [100 100 100 100 100 101 101 101 101 101] map[100:[server-100-0 server-100-1 server-100-2] 101:[server-101-0 server-101-1 server-101-2]]} map[] map[]} 23}
2025/05/24 11:30:57 1 repeat msg:{true {  Config 0 0 {2 [100 100 100 100 100 101 101 101 101 101] map[100:[server-100-0 server-100-1 server-100-2] 101:[server-101-0 server-101-1 server-101-2]]} map[] map[]} 23}
2025/05/24 11:30:57 1 apply receive msg:{true {  Config 0 0 {2 [100 100 100 100 100 101 101 101 101 101] map[100:[server-100-0 server-100-1 server-100-2] 101:[server-101-0 server-101-1 server-101-2]]} map[] map[]} 23}
2025/05/24 11:30:57 2 apply receive msg:{true {  Config 0 0 {2 [100 100 100 100 100 101 101 101 101 101] map[100:[server-100-0 server-100-1 server-100-2] 101:[server-101-0 server-101-1 server-101-2]]} map[] map[]} 23}
2025/05/24 11:30:57 1 repeat msg:{true {  Config 0 0 {2 [100 100 100 100 100 101 101 101 101 101] map[100:[server-100-0 server-100-1 server-100-2] 101:[server-101-0 server-101-1 server-101-2]]} map[] map[]} 23}
2025/05/24 11:30:57 2 repeat msg:{true {  Config 0 0 {2 [100 100 100 100 100 101 101 101 101 101] map[100:[server-100-0 server-100-1 server-100-2] 101:[server-101-0 server-101-1 server-101-2]]} map[] map[]} 23}
2025/05/24 11:30:57 1 apply receive msg:{true {  Config 0 0 {2 [100 100 100 100 100 101 101 101 101 101] map[100:[server-100-0 server-100-1 server-100-2] 101:[server-101-0 server-101-1 server-101-2]]} map[] map[]} 23}
2025/05/24 11:30:57 1 repeat msg:{true {  Config 0 0 {2 [100 100 100 100 100 101 101 101 101 101] map[100:[server-100-0 server-100-1 server-100-2] 101:[server-101-0 server-101-1 server-101-2]]} map[] map[]} 23}
2025/05/24 11:30:57 2 apply receive msg:{true {  Config 0 0 {2 [100 100 100 100 100 101 101 101 101 101] map[100:[server-100-0 server-100-1 server-100-2] 101:[server-101-0 server-101-1 server-101-2]]} map[] map[]} 23}
2025/05/24 11:30:57 2 repeat msg:{true {  Config 0 0 {2 [100 100 100 100 100 101 101 101 101 101] map[100:[server-100-0 server-100-1 server-100-2] 101:[server-101-0 server-101-1 server-101-2]]} map[] map[]} 23}
2025/05/24 11:30:57 0 recieve newConfig...kv.lastConfig:{1 [100 100 100 100 100 100 100 100 100 100] map[100:[server-100-0 server-100-1 server-100-2]]}, newConfig:{2 [100 100 100 100 100 101 101 101 101 101] map[100:[server-100-0 server-100-1 server-100-2] 101:[server-101-0 server-101-1 server-101-2]]}
2025/05/24 11:30:57 0 recieve newConfig...kv.lastConfig:{1 [100 100 100 100 100 100 100 100 100 100] map[100:[server-100-0 server-100-1 server-100-2]]}, newConfig:{2 [100 100 100 100 100 101 101 101 101 101] map[100:[server-100-0 server-100-1 server-100-2] 101:[server-101-0 server-101-1 server-101-2]]}
2025/05/24 11:30:57 2 apply receive msg:{true {  Config 0 0 {2 [100 100 100 100 100 101 101 101 101 101] map[100:[server-100-0 server-100-1 server-100-2] 101:[server-101-0 server-101-1 server-101-2]]} map[] map[]} 23}
2025/05/24 11:30:57 0 apply receive msg:{true {  Config 0 0 {2 [100 100 100 100 100 101 101 101 101 101] map[100:[server-100-0 server-100-1 server-100-2] 101:[server-101-0 server-101-1 server-101-2]]} map[] map[]} 23}
2025/05/24 11:30:57 2 repeat msg:{true {  Config 0 0 {2 [100 100 100 100 100 101 101 101 101 101] map[100:[server-100-0 server-100-1 server-100-2] 101:[server-101-0 server-101-1 server-101-2]]} map[] map[]} 23}
2025/05/24 11:30:57 0 repeat msg:{true {  Config 0 0 {2 [100 100 100 100 100 101 101 101 101 101] map[100:[server-100-0 server-100-1 server-100-2] 101:[server-101-0 server-101-1 server-101-2]]} map[] map[]} 23}
2025/05/24 11:30:57 0 apply receive msg:{true {  Config 0 0 {2 [100 100 100 100 100 101 101 101 101 101] map[100:[server-100-0 server-100-1 server-100-2] 101:[server-101-0 server-101-1 server-101-2]]} map[] map[]} 24}
2025/05/24 11:30:57 0 repeat msg:{true {  Config 0 0 {2 [100 100 100 100 100 101 101 101 101 101] map[100:[server-100-0 server-100-1 server-100-2] 101:[server-101-0 server-101-1 server-101-2]]} map[] map[]} 24}
2025/05/24 11:30:57 0 apply receive msg:{true {  Config 0 0 {2 [100 100 100 100 100 101 101 101 101 101] map[100:[server-100-0 server-100-1 server-100-2] 101:[server-101-0 server-101-1 server-101-2]]} map[] map[]} 24}
2025/05/24 11:30:57 0 repeat msg:{true {  Config 0 0 {2 [100 100 100 100 100 101 101 101 101 101] map[100:[server-100-0 server-100-1 server-100-2] 101:[server-101-0 server-101-1 server-101-2]]} map[] map[]} 24}
2025/05/24 11:30:57 3217617135988243607 cli begin PutAppend, 101
2025/05/24 11:30:57 1 recieve newConfig...kv.lastConfig:{1 [100 100 100 100 100 100 100 100 100 100] map[100:[server-100-0 server-100-1 server-100-2]]}, newConfig:{2 [100 100 100 100 100 101 101 101 101 101] map[100:[server-100-0 server-100-1 server-100-2] 101:[server-101-0 server-101-1 server-101-2]]}
2025/05/24 11:30:57 server 0 begin putAppend, kv.lastConfig:{1 [100 100 100 100 100 100 100 100 100 100] map[100:[server-100-0 server-100-1 server-100-2]]} key2shard(args.Key):8, kv.gid:101
2025/05/24 11:30:57 3217617135988243607 cli finish PutAppend, {ErrWrongGroup}
2025/05/24 11:30:57 1 apply receive msg:{true {  Config 0 0 {2 [100 100 100 100 100 101 101 101 101 101] map[100:[server-100-0 server-100-1 server-100-2] 101:[server-101-0 server-101-1 server-101-2]]} map[] map[]} 24}
2025/05/24 11:30:57 1 repeat msg:{true {  Config 0 0 {2 [100 100 100 100 100 101 101 101 101 101] map[100:[server-100-0 server-100-1 server-100-2] 101:[server-101-0 server-101-1 server-101-2]]} map[] map[]} 24}
2025/05/24 11:30:57 2 apply receive msg:{true {  Config 0 0 {2 [100 100 100 100 100 101 101 101 101 101] map[100:[server-100-0 server-100-1 server-100-2] 101:[server-101-0 server-101-1 server-101-2]]} map[] map[]} 24}
2025/05/24 11:30:57 1 apply receive msg:{true {  Config 0 0 {2 [100 100 100 100 100 101 101 101 101 101] map[100:[server-100-0 server-100-1 server-100-2] 101:[server-101-0 server-101-1 server-101-2]]} map[] map[]} 24}
2025/05/24 11:30:57 2 repeat msg:{true {  Config 0 0 {2 [100 100 100 100 100 101 101 101 101 101] map[100:[server-100-0 server-100-1 server-100-2] 101:[server-101-0 server-101-1 server-101-2]]} map[] map[]} 24}
2025/05/24 11:30:57 1 repeat msg:{true {  Config 0 0 {2 [100 100 100 100 100 101 101 101 101 101] map[100:[server-100-0 server-100-1 server-100-2] 101:[server-101-0 server-101-1 server-101-2]]} map[] map[]} 24}
2025/05/24 11:30:57 1 apply receive msg:{true {  Config 0 0 {2 [100 100 100 100 100 101 101 101 101 101] map[100:[server-100-0 server-100-1 server-100-2] 101:[server-101-0 server-101-1 server-101-2]]} map[] map[]} 24}
2025/05/24 11:30:57 2 apply receive msg:{true {  Config 0 0 {2 [100 100 100 100 100 101 101 101 101 101] map[100:[server-100-0 server-100-1 server-100-2] 101:[server-101-0 server-101-1 server-101-2]]} map[] map[]} 24}
2025/05/24 11:30:57 1 repeat msg:{true {  Config 0 0 {2 [100 100 100 100 100 101 101 101 101 101] map[100:[server-100-0 server-100-1 server-100-2] 101:[server-101-0 server-101-1 server-101-2]]} map[] map[]} 24}
2025/05/24 11:30:57 2 repeat msg:{true {  Config 0 0 {2 [100 100 100 100 100 101 101 101 101 101] map[100:[server-100-0 server-100-1 server-100-2] 101:[server-101-0 server-101-1 server-101-2]]} map[] map[]} 24}
2025/05/24 11:30:57 0 recieve newConfig...kv.lastConfig:{1 [100 100 100 100 100 100 100 100 100 100] map[100:[server-100-0 server-100-1 server-100-2]]}, newConfig:{2 [100 100 100 100 100 101 101 101 101 101] map[100:[server-100-0 server-100-1 server-100-2] 101:[server-101-0 server-101-1 server-101-2]]}
2025/05/24 11:30:57 0 recieve newConfig...kv.lastConfig:{1 [100 100 100 100 100 100 100 100 100 100] map[100:[server-100-0 server-100-1 server-100-2]]}, newConfig:{2 [100 100 100 100 100 101 101 101 101 101] map[100:[server-100-0 server-100-1 server-100-2] 101:[server-101-0 server-101-1 server-101-2]]}
2025/05/24 11:30:57 2 apply receive msg:{true {  Config 0 0 {2 [100 100 100 100 100 101 101 101 101 101] map[100:[server-100-0 server-100-1 server-100-2] 101:[server-101-0 server-101-1 server-101-2]]} map[] map[]} 24}
2025/05/24 11:30:57 0 apply receive msg:{true {  Config 0 0 {2 [100 100 100 100 100 101 101 101 101 101] map[100:[server-100-0 server-100-1 server-100-2] 101:[server-101-0 server-101-1 server-101-2]]} map[] map[]} 24}
2025/05/24 11:30:57 2 repeat msg:{true {  Config 0 0 {2 [100 100 100 100 100 101 101 101 101 101] map[100:[server-100-0 server-100-1 server-100-2] 101:[server-101-0 server-101-1 server-101-2]]} map[] map[]} 24}
2025/05/24 11:30:57 0 repeat msg:{true {  Config 0 0 {2 [100 100 100 100 100 101 101 101 101 101] map[100:[server-100-0 server-100-1 server-100-2] 101:[server-101-0 server-101-1 server-101-2]]} map[] map[]} 24}
2025/05/24 11:30:57 0 apply receive msg:{true {  Config 0 0 {2 [100 100 100 100 100 101 101 101 101 101] map[100:[server-100-0 server-100-1 server-100-2] 101:[server-101-0 server-101-1 server-101-2]]} map[] map[]} 25}
2025/05/24 11:30:57 0 repeat msg:{true {  Config 0 0 {2 [100 100 100 100 100 101 101 101 101 101] map[100:[server-100-0 server-100-1 server-100-2] 101:[server-101-0 server-101-1 server-101-2]]} map[] map[]} 25}
2025/05/24 11:30:57 0 apply receive msg:{true {  Config 0 0 {2 [100 100 100 100 100 101 101 101 101 101] map[100:[server-100-0 server-100-1 server-100-2] 101:[server-101-0 server-101-1 server-101-2]]} map[] map[]} 25}
2025/05/24 11:30:57 0 repeat msg:{true {  Config 0 0 {2 [100 100 100 100 100 101 101 101 101 101] map[100:[server-100-0 server-100-1 server-100-2] 101:[server-101-0 server-101-1 server-101-2]]} map[] map[]} 25}
2025/05/24 11:30:57 3217617135988243607 cli begin PutAppend, 101
2025/05/24 11:30:57 1 recieve newConfig...kv.lastConfig:{1 [100 100 100 100 100 100 100 100 100 100] map[100:[server-100-0 server-100-1 server-100-2]]}, newConfig:{2 [100 100 100 100 100 101 101 101 101 101] map[100:[server-100-0 server-100-1 server-100-2] 101:[server-101-0 server-101-1 server-101-2]]}
2025/05/24 11:30:57 server 0 begin putAppend, kv.lastConfig:{1 [100 100 100 100 100 100 100 100 100 100] map[100:[server-100-0 server-100-1 server-100-2]]} key2shard(args.Key):8, kv.gid:101
2025/05/24 11:30:57 3217617135988243607 cli finish PutAppend, {ErrWrongGroup}
2025/05/24 11:30:57 1 apply receive msg:{true {  Config 0 0 {2 [100 100 100 100 100 101 101 101 101 101] map[100:[server-100-0 server-100-1 server-100-2] 101:[server-101-0 server-101-1 server-101-2]]} map[] map[]} 25}
2025/05/24 11:30:57 1 repeat msg:{true {  Config 0 0 {2 [100 100 100 100 100 101 101 101 101 101] map[100:[server-100-0 server-100-1 server-100-2] 101:[server-101-0 server-101-1 server-101-2]]} map[] map[]} 25}
2025/05/24 11:30:57 2 apply receive msg:{true {  Config 0 0 {2 [100 100 100 100 100 101 101 101 101 101] map[100:[server-100-0 server-100-1 server-100-2] 101:[server-101-0 server-101-1 server-101-2]]} map[] map[]} 25}
2025/05/24 11:30:57 1 apply receive msg:{true {  Config 0 0 {2 [100 100 100 100 100 101 101 101 101 101] map[100:[server-100-0 server-100-1 server-100-2] 101:[server-101-0 server-101-1 server-101-2]]} map[] map[]} 25}
2025/05/24 11:30:57 2 repeat msg:{true {  Config 0 0 {2 [100 100 100 100 100 101 101 101 101 101] map[100:[server-100-0 server-100-1 server-100-2] 101:[server-101-0 server-101-1 server-101-2]]} map[] map[]} 25}
2025/05/24 11:30:57 1 repeat msg:{true {  Config 0 0 {2 [100 100 100 100 100 101 101 101 101 101] map[100:[server-100-0 server-100-1 server-100-2] 101:[server-101-0 server-101-1 server-101-2]]} map[] map[]} 25}
2025/05/24 11:30:57 2 apply receive msg:{true {  Config 0 0 {2 [100 100 100 100 100 101 101 101 101 101] map[100:[server-100-0 server-100-1 server-100-2] 101:[server-101-0 server-101-1 server-101-2]]} map[] map[]} 25}
2025/05/24 11:30:57 2 repeat msg:{true {  Config 0 0 {2 [100 100 100 100 100 101 101 101 101 101] map[100:[server-100-0 server-100-1 server-100-2] 101:[server-101-0 server-101-1 server-101-2]]} map[] map[]} 25}
2025/05/24 11:30:57 1 apply receive msg:{true {  Config 0 0 {2 [100 100 100 100 100 101 101 101 101 101] map[100:[server-100-0 server-100-1 server-100-2] 101:[server-101-0 server-101-1 server-101-2]]} map[] map[]} 25}
2025/05/24 11:30:57 1 repeat msg:{true {  Config 0 0 {2 [100 100 100 100 100 101 101 101 101 101] map[100:[server-100-0 server-100-1 server-100-2] 101:[server-101-0 server-101-1 server-101-2]]} map[] map[]} 25}
2025/05/24 11:30:57 0 recieve newConfig...kv.lastConfig:{1 [100 100 100 100 100 100 100 100 100 100] map[100:[server-100-0 server-100-1 server-100-2]]}, newConfig:{2 [100 100 100 100 100 101 101 101 101 101] map[100:[server-100-0 server-100-1 server-100-2] 101:[server-101-0 server-101-1 server-101-2]]}
2025/05/24 11:30:57 0 recieve newConfig...kv.lastConfig:{1 [100 100 100 100 100 100 100 100 100 100] map[100:[server-100-0 server-100-1 server-100-2]]}, newConfig:{2 [100 100 100 100 100 101 101 101 101 101] map[100:[server-100-0 server-100-1 server-100-2] 101:[server-101-0 server-101-1 server-101-2]]}
2025/05/24 11:30:58 0 apply receive msg:{true {  Config 0 0 {2 [100 100 100 100 100 101 101 101 101 101] map[100:[server-100-0 server-100-1 server-100-2] 101:[server-101-0 server-101-1 server-101-2]]} map[] map[]} 25}
2025/05/24 11:30:58 0 repeat msg:{true {  Config 0 0 {2 [100 100 100 100 100 101 101 101 101 101] map[100:[server-100-0 server-100-1 server-100-2] 101:[server-101-0 server-101-1 server-101-2]]} map[] map[]} 25}
2025/05/24 11:30:58 2 apply receive msg:{true {  Config 0 0 {2 [100 100 100 100 100 101 101 101 101 101] map[100:[server-100-0 server-100-1 server-100-2] 101:[server-101-0 server-101-1 server-101-2]]} map[] map[]} 25}
2025/05/24 11:30:58 2 repeat msg:{true {  Config 0 0 {2 [100 100 100 100 100 101 101 101 101 101] map[100:[server-100-0 server-100-1 server-100-2] 101:[server-101-0 server-101-1 server-101-2]]} map[] map[]} 25}
2025/05/24 11:30:58 0 apply receive msg:{true {  Config 0 0 {2 [100 100 100 100 100 101 101 101 101 101] map[100:[server-100-0 server-100-1 server-100-2] 101:[server-101-0 server-101-1 server-101-2]]} map[] map[]} 26}
2025/05/24 11:30:58 0 repeat msg:{true {  Config 0 0 {2 [100 100 100 100 100 101 101 101 101 101] map[100:[server-100-0 server-100-1 server-100-2] 101:[server-101-0 server-101-1 server-101-2]]} map[] map[]} 26}
2025/05/24 11:30:58 3217617135988243607 cli begin PutAppend, 101
2025/05/24 11:30:58 1 recieve newConfig...kv.lastConfig:{1 [100 100 100 100 100 100 100 100 100 100] map[100:[server-100-0 server-100-1 server-100-2]]}, newConfig:{2 [100 100 100 100 100 101 101 101 101 101] map[100:[server-100-0 server-100-1 server-100-2] 101:[server-101-0 server-101-1 server-101-2]]}
2025/05/24 11:30:58 0 apply receive msg:{true {  Config 0 0 {2 [100 100 100 100 100 101 101 101 101 101] map[100:[server-100-0 server-100-1 server-100-2] 101:[server-101-0 server-101-1 server-101-2]]} map[] map[]} 26}
2025/05/24 11:30:58 0 repeat msg:{true {  Config 0 0 {2 [100 100 100 100 100 101 101 101 101 101] map[100:[server-100-0 server-100-1 server-100-2] 101:[server-101-0 server-101-1 server-101-2]]} map[] map[]} 26}
2025/05/24 11:30:58 server 0 begin putAppend, kv.lastConfig:{1 [100 100 100 100 100 100 100 100 100 100] map[100:[server-100-0 server-100-1 server-100-2]]} key2shard(args.Key):8, kv.gid:101
2025/05/24 11:30:58 3217617135988243607 cli finish PutAppend, {ErrWrongGroup}
2025/05/24 11:30:58 1 apply receive msg:{true {  Config 0 0 {2 [100 100 100 100 100 101 101 101 101 101] map[100:[server-100-0 server-100-1 server-100-2] 101:[server-101-0 server-101-1 server-101-2]]} map[] map[]} 26}
2025/05/24 11:30:58 1 repeat msg:{true {  Config 0 0 {2 [100 100 100 100 100 101 101 101 101 101] map[100:[server-100-0 server-100-1 server-100-2] 101:[server-101-0 server-101-1 server-101-2]]} map[] map[]} 26}
2025/05/24 11:30:58 2 apply receive msg:{true {  Config 0 0 {2 [100 100 100 100 100 101 101 101 101 101] map[100:[server-100-0 server-100-1 server-100-2] 101:[server-101-0 server-101-1 server-101-2]]} map[] map[]} 26}
2025/05/24 11:30:58 1 apply receive msg:{true {  Config 0 0 {2 [100 100 100 100 100 101 101 101 101 101] map[100:[server-100-0 server-100-1 server-100-2] 101:[server-101-0 server-101-1 server-101-2]]} map[] map[]} 26}
2025/05/24 11:30:58 2 repeat msg:{true {  Config 0 0 {2 [100 100 100 100 100 101 101 101 101 101] map[100:[server-100-0 server-100-1 server-100-2] 101:[server-101-0 server-101-1 server-101-2]]} map[] map[]} 26}
2025/05/24 11:30:58 1 repeat msg:{true {  Config 0 0 {2 [100 100 100 100 100 101 101 101 101 101] map[100:[server-100-0 server-100-1 server-100-2] 101:[server-101-0 server-101-1 server-101-2]]} map[] map[]} 26}
2025/05/24 11:30:58 2 apply receive msg:{true {  Config 0 0 {2 [100 100 100 100 100 101 101 101 101 101] map[100:[server-100-0 server-100-1 server-100-2] 101:[server-101-0 server-101-1 server-101-2]]} map[] map[]} 26}
2025/05/24 11:30:58 1 apply receive msg:{true {  Config 0 0 {2 [100 100 100 100 100 101 101 101 101 101] map[100:[server-100-0 server-100-1 server-100-2] 101:[server-101-0 server-101-1 server-101-2]]} map[] map[]} 26}
2025/05/24 11:30:58 2 repeat msg:{true {  Config 0 0 {2 [100 100 100 100 100 101 101 101 101 101] map[100:[server-100-0 server-100-1 server-100-2] 101:[server-101-0 server-101-1 server-101-2]]} map[] map[]} 26}
2025/05/24 11:30:58 1 repeat msg:{true {  Config 0 0 {2 [100 100 100 100 100 101 101 101 101 101] map[100:[server-100-0 server-100-1 server-100-2] 101:[server-101-0 server-101-1 server-101-2]]} map[] map[]} 26}
2025/05/24 11:30:58 0 recieve newConfig...kv.lastConfig:{1 [100 100 100 100 100 100 100 100 100 100] map[100:[server-100-0 server-100-1 server-100-2]]}, newConfig:{2 [100 100 100 100 100 101 101 101 101 101] map[100:[server-100-0 server-100-1 server-100-2] 101:[server-101-0 server-101-1 server-101-2]]}
2025/05/24 11:30:58 0 recieve newConfig...kv.lastConfig:{1 [100 100 100 100 100 100 100 100 100 100] map[100:[server-100-0 server-100-1 server-100-2]]}, newConfig:{2 [100 100 100 100 100 101 101 101 101 101] map[100:[server-100-0 server-100-1 server-100-2] 101:[server-101-0 server-101-1 server-101-2]]}
2025/05/24 11:30:58 0 apply receive msg:{true {  Config 0 0 {2 [100 100 100 100 100 101 101 101 101 101] map[100:[server-100-0 server-100-1 server-100-2] 101:[server-101-0 server-101-1 server-101-2]]} map[] map[]} 26}
2025/05/24 11:30:58 2 apply receive msg:{true {  Config 0 0 {2 [100 100 100 100 100 101 101 101 101 101] map[100:[server-100-0 server-100-1 server-100-2] 101:[server-101-0 server-101-1 server-101-2]]} map[] map[]} 26}
2025/05/24 11:30:58 0 repeat msg:{true {  Config 0 0 {2 [100 100 100 100 100 101 101 101 101 101] map[100:[server-100-0 server-100-1 server-100-2] 101:[server-101-0 server-101-1 server-101-2]]} map[] map[]} 26}
2025/05/24 11:30:58 2 repeat msg:{true {  Config 0 0 {2 [100 100 100 100 100 101 101 101 101 101] map[100:[server-100-0 server-100-1 server-100-2] 101:[server-101-0 server-101-1 server-101-2]]} map[] map[]} 26}
2025/05/24 11:30:58 0 apply receive msg:{true {  Config 0 0 {2 [100 100 100 100 100 101 101 101 101 101] map[100:[server-100-0 server-100-1 server-100-2] 101:[server-101-0 server-101-1 server-101-2]]} map[] map[]} 27}
2025/05/24 11:30:58 0 repeat msg:{true {  Config 0 0 {2 [100 100 100 100 100 101 101 101 101 101] map[100:[server-100-0 server-100-1 server-100-2] 101:[server-101-0 server-101-1 server-101-2]]} map[] map[]} 27}
2025/05/24 11:30:58 0 apply receive msg:{true {  Config 0 0 {2 [100 100 100 100 100 101 101 101 101 101] map[100:[server-100-0 server-100-1 server-100-2] 101:[server-101-0 server-101-1 server-101-2]]} map[] map[]} 27}
2025/05/24 11:30:58 0 repeat msg:{true {  Config 0 0 {2 [100 100 100 100 100 101 101 101 101 101] map[100:[server-100-0 server-100-1 server-100-2] 101:[server-101-0 server-101-1 server-101-2]]} map[] map[]} 27}
2025/05/24 11:30:58 3217617135988243607 cli begin PutAppend, 101
2025/05/24 11:30:58 1 recieve newConfig...kv.lastConfig:{1 [100 100 100 100 100 100 100 100 100 100] map[100:[server-100-0 server-100-1 server-100-2]]}, newConfig:{2 [100 100 100 100 100 101 101 101 101 101] map[100:[server-100-0 server-100-1 server-100-2] 101:[server-101-0 server-101-1 server-101-2]]}
2025/05/24 11:30:58 server 0 begin putAppend, kv.lastConfig:{1 [100 100 100 100 100 100 100 100 100 100] map[100:[server-100-0 server-100-1 server-100-2]]} key2shard(args.Key):8, kv.gid:101
2025/05/24 11:30:58 3217617135988243607 cli finish PutAppend, {ErrWrongGroup}
2025/05/24 11:30:58 1 apply receive msg:{true {  Config 0 0 {2 [100 100 100 100 100 101 101 101 101 101] map[100:[server-100-0 server-100-1 server-100-2] 101:[server-101-0 server-101-1 server-101-2]]} map[] map[]} 27}
2025/05/24 11:30:58 1 repeat msg:{true {  Config 0 0 {2 [100 100 100 100 100 101 101 101 101 101] map[100:[server-100-0 server-100-1 server-100-2] 101:[server-101-0 server-101-1 server-101-2]]} map[] map[]} 27}
2025/05/24 11:30:58 1 apply receive msg:{true {  Config 0 0 {2 [100 100 100 100 100 101 101 101 101 101] map[100:[server-100-0 server-100-1 server-100-2] 101:[server-101-0 server-101-1 server-101-2]]} map[] map[]} 27}
2025/05/24 11:30:58 2 apply receive msg:{true {  Config 0 0 {2 [100 100 100 100 100 101 101 101 101 101] map[100:[server-100-0 server-100-1 server-100-2] 101:[server-101-0 server-101-1 server-101-2]]} map[] map[]} 27}
2025/05/24 11:30:58 1 repeat msg:{true {  Config 0 0 {2 [100 100 100 100 100 101 101 101 101 101] map[100:[server-100-0 server-100-1 server-100-2] 101:[server-101-0 server-101-1 server-101-2]]} map[] map[]} 27}
2025/05/24 11:30:58 2 repeat msg:{true {  Config 0 0 {2 [100 100 100 100 100 101 101 101 101 101] map[100:[server-100-0 server-100-1 server-100-2] 101:[server-101-0 server-101-1 server-101-2]]} map[] map[]} 27}
2025/05/24 11:30:58 1 apply receive msg:{true {  Config 0 0 {2 [100 100 100 100 100 101 101 101 101 101] map[100:[server-100-0 server-100-1 server-100-2] 101:[server-101-0 server-101-1 server-101-2]]} map[] map[]} 27}
2025/05/24 11:30:58 1 repeat msg:{true {  Config 0 0 {2 [100 100 100 100 100 101 101 101 101 101] map[100:[server-100-0 server-100-1 server-100-2] 101:[server-101-0 server-101-1 server-101-2]]} map[] map[]} 27}
2025/05/24 11:30:58 2 apply receive msg:{true {  Config 0 0 {2 [100 100 100 100 100 101 101 101 101 101] map[100:[server-100-0 server-100-1 server-100-2] 101:[server-101-0 server-101-1 server-101-2]]} map[] map[]} 27}
2025/05/24 11:30:58 2 repeat msg:{true {  Config 0 0 {2 [100 100 100 100 100 101 101 101 101 101] map[100:[server-100-0 server-100-1 server-100-2] 101:[server-101-0 server-101-1 server-101-2]]} map[] map[]} 27}
2025/05/24 11:30:58 0 recieve newConfig...kv.lastConfig:{1 [100 100 100 100 100 100 100 100 100 100] map[100:[server-100-0 server-100-1 server-100-2]]}, newConfig:{2 [100 100 100 100 100 101 101 101 101 101] map[100:[server-100-0 server-100-1 server-100-2] 101:[server-101-0 server-101-1 server-101-2]]}
2025/05/24 11:30:58 0 recieve newConfig...kv.lastConfig:{1 [100 100 100 100 100 100 100 100 100 100] map[100:[server-100-0 server-100-1 server-100-2]]}, newConfig:{2 [100 100 100 100 100 101 101 101 101 101] map[100:[server-100-0 server-100-1 server-100-2] 101:[server-101-0 server-101-1 server-101-2]]}
2025/05/24 11:30:58 2 apply receive msg:{true {  Config 0 0 {2 [100 100 100 100 100 101 101 101 101 101] map[100:[server-100-0 server-100-1 server-100-2] 101:[server-101-0 server-101-1 server-101-2]]} map[] map[]} 27}
2025/05/24 11:30:58 0 apply receive msg:{true {  Config 0 0 {2 [100 100 100 100 100 101 101 101 101 101] map[100:[server-100-0 server-100-1 server-100-2] 101:[server-101-0 server-101-1 server-101-2]]} map[] map[]} 27}
2025/05/24 11:30:58 2 repeat msg:{true {  Config 0 0 {2 [100 100 100 100 100 101 101 101 101 101] map[100:[server-100-0 server-100-1 server-100-2] 101:[server-101-0 server-101-1 server-101-2]]} map[] map[]} 27}
2025/05/24 11:30:58 0 repeat msg:{true {  Config 0 0 {2 [100 100 100 100 100 101 101 101 101 101] map[100:[server-100-0 server-100-1 server-100-2] 101:[server-101-0 server-101-1 server-101-2]]} map[] map[]} 27}
2025/05/24 11:30:58 0 apply receive msg:{true {  Config 0 0 {2 [100 100 100 100 100 101 101 101 101 101] map[100:[server-100-0 server-100-1 server-100-2] 101:[server-101-0 server-101-1 server-101-2]]} map[] map[]} 28}
2025/05/24 11:30:58 0 repeat msg:{true {  Config 0 0 {2 [100 100 100 100 100 101 101 101 101 101] map[100:[server-100-0 server-100-1 server-100-2] 101:[server-101-0 server-101-1 server-101-2]]} map[] map[]} 28}
2025/05/24 11:30:58 0 apply receive msg:{true {  Config 0 0 {2 [100 100 100 100 100 101 101 101 101 101] map[100:[server-100-0 server-100-1 server-100-2] 101:[server-101-0 server-101-1 server-101-2]]} map[] map[]} 28}
2025/05/24 11:30:58 0 repeat msg:{true {  Config 0 0 {2 [100 100 100 100 100 101 101 101 101 101] map[100:[server-100-0 server-100-1 server-100-2] 101:[server-101-0 server-101-1 server-101-2]]} map[] map[]} 28}
2025/05/24 11:30:58 3217617135988243607 cli begin PutAppend, 101
2025/05/24 11:30:58 1 recieve newConfig...kv.lastConfig:{1 [100 100 100 100 100 100 100 100 100 100] map[100:[server-100-0 server-100-1 server-100-2]]}, newConfig:{2 [100 100 100 100 100 101 101 101 101 101] map[100:[server-100-0 server-100-1 server-100-2] 101:[server-101-0 server-101-1 server-101-2]]}
2025/05/24 11:30:58 server 0 begin putAppend, kv.lastConfig:{1 [100 100 100 100 100 100 100 100 100 100] map[100:[server-100-0 server-100-1 server-100-2]]} key2shard(args.Key):8, kv.gid:101
2025/05/24 11:30:58 3217617135988243607 cli finish PutAppend, {ErrWrongGroup}
2025/05/24 11:30:58 1 apply receive msg:{true {  Config 0 0 {2 [100 100 100 100 100 101 101 101 101 101] map[100:[server-100-0 server-100-1 server-100-2] 101:[server-101-0 server-101-1 server-101-2]]} map[] map[]} 28}
2025/05/24 11:30:58 1 repeat msg:{true {  Config 0 0 {2 [100 100 100 100 100 101 101 101 101 101] map[100:[server-100-0 server-100-1 server-100-2] 101:[server-101-0 server-101-1 server-101-2]]} map[] map[]} 28}
2025/05/24 11:30:58 1 apply receive msg:{true {  Config 0 0 {2 [100 100 100 100 100 101 101 101 101 101] map[100:[server-100-0 server-100-1 server-100-2] 101:[server-101-0 server-101-1 server-101-2]]} map[] map[]} 28}
2025/05/24 11:30:58 2 apply receive msg:{true {  Config 0 0 {2 [100 100 100 100 100 101 101 101 101 101] map[100:[server-100-0 server-100-1 server-100-2] 101:[server-101-0 server-101-1 server-101-2]]} map[] map[]} 28}
2025/05/24 11:30:58 1 repeat msg:{true {  Config 0 0 {2 [100 100 100 100 100 101 101 101 101 101] map[100:[server-100-0 server-100-1 server-100-2] 101:[server-101-0 server-101-1 server-101-2]]} map[] map[]} 28}
2025/05/24 11:30:58 2 repeat msg:{true {  Config 0 0 {2 [100 100 100 100 100 101 101 101 101 101] map[100:[server-100-0 server-100-1 server-100-2] 101:[server-101-0 server-101-1 server-101-2]]} map[] map[]} 28}
2025/05/24 11:30:58 1 apply receive msg:{true {  Config 0 0 {2 [100 100 100 100 100 101 101 101 101 101] map[100:[server-100-0 server-100-1 server-100-2] 101:[server-101-0 server-101-1 server-101-2]]} map[] map[]} 28}
2025/05/24 11:30:58 2 apply receive msg:{true {  Config 0 0 {2 [100 100 100 100 100 101 101 101 101 101] map[100:[server-100-0 server-100-1 server-100-2] 101:[server-101-0 server-101-1 server-101-2]]} map[] map[]} 28}
2025/05/24 11:30:58 2 repeat msg:{true {  Config 0 0 {2 [100 100 100 100 100 101 101 101 101 101] map[100:[server-100-0 server-100-1 server-100-2] 101:[server-101-0 server-101-1 server-101-2]]} map[] map[]} 28}
2025/05/24 11:30:58 1 repeat msg:{true {  Config 0 0 {2 [100 100 100 100 100 101 101 101 101 101] map[100:[server-100-0 server-100-1 server-100-2] 101:[server-101-0 server-101-1 server-101-2]]} map[] map[]} 28}
2025/05/24 11:30:58 0 recieve newConfig...kv.lastConfig:{1 [100 100 100 100 100 100 100 100 100 100] map[100:[server-100-0 server-100-1 server-100-2]]}, newConfig:{2 [100 100 100 100 100 101 101 101 101 101] map[100:[server-100-0 server-100-1 server-100-2] 101:[server-101-0 server-101-1 server-101-2]]}
2025/05/24 11:30:58 0 recieve newConfig...kv.lastConfig:{1 [100 100 100 100 100 100 100 100 100 100] map[100:[server-100-0 server-100-1 server-100-2]]}, newConfig:{2 [100 100 100 100 100 101 101 101 101 101] map[100:[server-100-0 server-100-1 server-100-2] 101:[server-101-0 server-101-1 server-101-2]]}
2025/05/24 11:30:58 2 apply receive msg:{true {  Config 0 0 {2 [100 100 100 100 100 101 101 101 101 101] map[100:[server-100-0 server-100-1 server-100-2] 101:[server-101-0 server-101-1 server-101-2]]} map[] map[]} 28}
2025/05/24 11:30:58 0 apply receive msg:{true {  Config 0 0 {2 [100 100 100 100 100 101 101 101 101 101] map[100:[server-100-0 server-100-1 server-100-2] 101:[server-101-0 server-101-1 server-101-2]]} map[] map[]} 28}
2025/05/24 11:30:58 2 repeat msg:{true {  Config 0 0 {2 [100 100 100 100 100 101 101 101 101 101] map[100:[server-100-0 server-100-1 server-100-2] 101:[server-101-0 server-101-1 server-101-2]]} map[] map[]} 28}
2025/05/24 11:30:58 0 repeat msg:{true {  Config 0 0 {2 [100 100 100 100 100 101 101 101 101 101] map[100:[server-100-0 server-100-1 server-100-2] 101:[server-101-0 server-101-1 server-101-2]]} map[] map[]} 28}
2025/05/24 11:30:58 0 apply receive msg:{true {  Config 0 0 {2 [100 100 100 100 100 101 101 101 101 101] map[100:[server-100-0 server-100-1 server-100-2] 101:[server-101-0 server-101-1 server-101-2]]} map[] map[]} 29}
2025/05/24 11:30:58 0 repeat msg:{true {  Config 0 0 {2 [100 100 100 100 100 101 101 101 101 101] map[100:[server-100-0 server-100-1 server-100-2] 101:[server-101-0 server-101-1 server-101-2]]} map[] map[]} 29}
2025/05/24 11:30:58 0 apply receive msg:{true {  Config 0 0 {2 [100 100 100 100 100 101 101 101 101 101] map[100:[server-100-0 server-100-1 server-100-2] 101:[server-101-0 server-101-1 server-101-2]]} map[] map[]} 29}
2025/05/24 11:30:58 0 repeat msg:{true {  Config 0 0 {2 [100 100 100 100 100 101 101 101 101 101] map[100:[server-100-0 server-100-1 server-100-2] 101:[server-101-0 server-101-1 server-101-2]]} map[] map[]} 29}
2025/05/24 11:30:58 3217617135988243607 cli begin PutAppend, 101
2025/05/24 11:30:58 1 recieve newConfig...kv.lastConfig:{1 [100 100 100 100 100 100 100 100 100 100] map[100:[server-100-0 server-100-1 server-100-2]]}, newConfig:{2 [100 100 100 100 100 101 101 101 101 101] map[100:[server-100-0 server-100-1 server-100-2] 101:[server-101-0 server-101-1 server-101-2]]}
2025/05/24 11:30:58 server 0 begin putAppend, kv.lastConfig:{1 [100 100 100 100 100 100 100 100 100 100] map[100:[server-100-0 server-100-1 server-100-2]]} key2shard(args.Key):8, kv.gid:101
2025/05/24 11:30:58 3217617135988243607 cli finish PutAppend, {ErrWrongGroup}
2025/05/24 11:30:58 1 apply receive msg:{true {  Config 0 0 {2 [100 100 100 100 100 101 101 101 101 101] map[100:[server-100-0 server-100-1 server-100-2] 101:[server-101-0 server-101-1 server-101-2]]} map[] map[]} 29}
2025/05/24 11:30:58 1 repeat msg:{true {  Config 0 0 {2 [100 100 100 100 100 101 101 101 101 101] map[100:[server-100-0 server-100-1 server-100-2] 101:[server-101-0 server-101-1 server-101-2]]} map[] map[]} 29}
2025/05/24 11:30:58 2 apply receive msg:{true {  Config 0 0 {2 [100 100 100 100 100 101 101 101 101 101] map[100:[server-100-0 server-100-1 server-100-2] 101:[server-101-0 server-101-1 server-101-2]]} map[] map[]} 29}
2025/05/24 11:30:58 1 apply receive msg:{true {  Config 0 0 {2 [100 100 100 100 100 101 101 101 101 101] map[100:[server-100-0 server-100-1 server-100-2] 101:[server-101-0 server-101-1 server-101-2]]} map[] map[]} 29}
2025/05/24 11:30:58 2 repeat msg:{true {  Config 0 0 {2 [100 100 100 100 100 101 101 101 101 101] map[100:[server-100-0 server-100-1 server-100-2] 101:[server-101-0 server-101-1 server-101-2]]} map[] map[]} 29}
2025/05/24 11:30:58 1 repeat msg:{true {  Config 0 0 {2 [100 100 100 100 100 101 101 101 101 101] map[100:[server-100-0 server-100-1 server-100-2] 101:[server-101-0 server-101-1 server-101-2]]} map[] map[]} 29}
2025/05/24 11:30:58 2 apply receive msg:{true {  Config 0 0 {2 [100 100 100 100 100 101 101 101 101 101] map[100:[server-100-0 server-100-1 server-100-2] 101:[server-101-0 server-101-1 server-101-2]]} map[] map[]} 29}
2025/05/24 11:30:58 2 repeat msg:{true {  Config 0 0 {2 [100 100 100 100 100 101 101 101 101 101] map[100:[server-100-0 server-100-1 server-100-2] 101:[server-101-0 server-101-1 server-101-2]]} map[] map[]} 29}
2025/05/24 11:30:58 1 apply receive msg:{true {  Config 0 0 {2 [100 100 100 100 100 101 101 101 101 101] map[100:[server-100-0 server-100-1 server-100-2] 101:[server-101-0 server-101-1 server-101-2]]} map[] map[]} 29}
2025/05/24 11:30:58 1 repeat msg:{true {  Config 0 0 {2 [100 100 100 100 100 101 101 101 101 101] map[100:[server-100-0 server-100-1 server-100-2] 101:[server-101-0 server-101-1 server-101-2]]} map[] map[]} 29}
2025/05/24 11:30:58 0 recieve newConfig...kv.lastConfig:{1 [100 100 100 100 100 100 100 100 100 100] map[100:[server-100-0 server-100-1 server-100-2]]}, newConfig:{2 [100 100 100 100 100 101 101 101 101 101] map[100:[server-100-0 server-100-1 server-100-2] 101:[server-101-0 server-101-1 server-101-2]]}
2025/05/24 11:30:58 0 recieve newConfig...kv.lastConfig:{1 [100 100 100 100 100 100 100 100 100 100] map[100:[server-100-0 server-100-1 server-100-2]]}, newConfig:{2 [100 100 100 100 100 101 101 101 101 101] map[100:[server-100-0 server-100-1 server-100-2] 101:[server-101-0 server-101-1 server-101-2]]}
2025/05/24 11:30:58 0 apply receive msg:{true {  Config 0 0 {2 [100 100 100 100 100 101 101 101 101 101] map[100:[server-100-0 server-100-1 server-100-2] 101:[server-101-0 server-101-1 server-101-2]]} map[] map[]} 29}
2025/05/24 11:30:58 2 apply receive msg:{true {  Config 0 0 {2 [100 100 100 100 100 101 101 101 101 101] map[100:[server-100-0 server-100-1 server-100-2] 101:[server-101-0 server-101-1 server-101-2]]} map[] map[]} 29}
2025/05/24 11:30:58 0 repeat msg:{true {  Config 0 0 {2 [100 100 100 100 100 101 101 101 101 101] map[100:[server-100-0 server-100-1 server-100-2] 101:[server-101-0 server-101-1 server-101-2]]} map[] map[]} 29}
2025/05/24 11:30:58 2 repeat msg:{true {  Config 0 0 {2 [100 100 100 100 100 101 101 101 101 101] map[100:[server-100-0 server-100-1 server-100-2] 101:[server-101-0 server-101-1 server-101-2]]} map[] map[]} 29}
2025/05/24 11:30:58 0 apply receive msg:{true {  Config 0 0 {2 [100 100 100 100 100 101 101 101 101 101] map[100:[server-100-0 server-100-1 server-100-2] 101:[server-101-0 server-101-1 server-101-2]]} map[] map[]} 30}
2025/05/24 11:30:58 0 repeat msg:{true {  Config 0 0 {2 [100 100 100 100 100 101 101 101 101 101] map[100:[server-100-0 server-100-1 server-100-2] 101:[server-101-0 server-101-1 server-101-2]]} map[] map[]} 30}
2025/05/24 11:30:58 0 apply receive msg:{true {  Config 0 0 {2 [100 100 100 100 100 101 101 101 101 101] map[100:[server-100-0 server-100-1 server-100-2] 101:[server-101-0 server-101-1 server-101-2]]} map[] map[]} 30}
2025/05/24 11:30:58 0 repeat msg:{true {  Config 0 0 {2 [100 100 100 100 100 101 101 101 101 101] map[100:[server-100-0 server-100-1 server-100-2] 101:[server-101-0 server-101-1 server-101-2]]} map[] map[]} 30}
2025/05/24 11:30:58 3217617135988243607 cli begin PutAppend, 101
2025/05/24 11:30:58 1 recieve newConfig...kv.lastConfig:{1 [100 100 100 100 100 100 100 100 100 100] map[100:[server-100-0 server-100-1 server-100-2]]}, newConfig:{2 [100 100 100 100 100 101 101 101 101 101] map[100:[server-100-0 server-100-1 server-100-2] 101:[server-101-0 server-101-1 server-101-2]]}
2025/05/24 11:30:58 server 0 begin putAppend, kv.lastConfig:{1 [100 100 100 100 100 100 100 100 100 100] map[100:[server-100-0 server-100-1 server-100-2]]} key2shard(args.Key):8, kv.gid:101
2025/05/24 11:30:58 3217617135988243607 cli finish PutAppend, {ErrWrongGroup}
2025/05/24 11:30:58 1 apply receive msg:{true {  Config 0 0 {2 [100 100 100 100 100 101 101 101 101 101] map[100:[server-100-0 server-100-1 server-100-2] 101:[server-101-0 server-101-1 server-101-2]]} map[] map[]} 30}
2025/05/24 11:30:58 1 repeat msg:{true {  Config 0 0 {2 [100 100 100 100 100 101 101 101 101 101] map[100:[server-100-0 server-100-1 server-100-2] 101:[server-101-0 server-101-1 server-101-2]]} map[] map[]} 30}
2025/05/24 11:30:58 1 apply receive msg:{true {  Config 0 0 {2 [100 100 100 100 100 101 101 101 101 101] map[100:[server-100-0 server-100-1 server-100-2] 101:[server-101-0 server-101-1 server-101-2]]} map[] map[]} 30}
2025/05/24 11:30:58 2 apply receive msg:{true {  Config 0 0 {2 [100 100 100 100 100 101 101 101 101 101] map[100:[server-100-0 server-100-1 server-100-2] 101:[server-101-0 server-101-1 server-101-2]]} map[] map[]} 30}
2025/05/24 11:30:58 1 repeat msg:{true {  Config 0 0 {2 [100 100 100 100 100 101 101 101 101 101] map[100:[server-100-0 server-100-1 server-100-2] 101:[server-101-0 server-101-1 server-101-2]]} map[] map[]} 30}
2025/05/24 11:30:58 2 repeat msg:{true {  Config 0 0 {2 [100 100 100 100 100 101 101 101 101 101] map[100:[server-100-0 server-100-1 server-100-2] 101:[server-101-0 server-101-1 server-101-2]]} map[] map[]} 30}
2025/05/24 11:30:58 1 apply receive msg:{true {  Config 0 0 {2 [100 100 100 100 100 101 101 101 101 101] map[100:[server-100-0 server-100-1 server-100-2] 101:[server-101-0 server-101-1 server-101-2]]} map[] map[]} 30}
2025/05/24 11:30:58 2 apply receive msg:{true {  Config 0 0 {2 [100 100 100 100 100 101 101 101 101 101] map[100:[server-100-0 server-100-1 server-100-2] 101:[server-101-0 server-101-1 server-101-2]]} map[] map[]} 30}
2025/05/24 11:30:58 1 repeat msg:{true {  Config 0 0 {2 [100 100 100 100 100 101 101 101 101 101] map[100:[server-100-0 server-100-1 server-100-2] 101:[server-101-0 server-101-1 server-101-2]]} map[] map[]} 30}
2025/05/24 11:30:58 2 repeat msg:{true {  Config 0 0 {2 [100 100 100 100 100 101 101 101 101 101] map[100:[server-100-0 server-100-1 server-100-2] 101:[server-101-0 server-101-1 server-101-2]]} map[] map[]} 30}
2025/05/24 11:30:58 0 recieve newConfig...kv.lastConfig:{1 [100 100 100 100 100 100 100 100 100 100] map[100:[server-100-0 server-100-1 server-100-2]]}, newConfig:{2 [100 100 100 100 100 101 101 101 101 101] map[100:[server-100-0 server-100-1 server-100-2] 101:[server-101-0 server-101-1 server-101-2]]}
2025/05/24 11:30:58 0 recieve newConfig...kv.lastConfig:{1 [100 100 100 100 100 100 100 100 100 100] map[100:[server-100-0 server-100-1 server-100-2]]}, newConfig:{2 [100 100 100 100 100 101 101 101 101 101] map[100:[server-100-0 server-100-1 server-100-2] 101:[server-101-0 server-101-1 server-101-2]]}
2025/05/24 11:30:58 0 apply receive msg:{true {  Config 0 0 {2 [100 100 100 100 100 101 101 101 101 101] map[100:[server-100-0 server-100-1 server-100-2] 101:[server-101-0 server-101-1 server-101-2]]} map[] map[]} 30}
2025/05/24 11:30:58 2 apply receive msg:{true {  Config 0 0 {2 [100 100 100 100 100 101 101 101 101 101] map[100:[server-100-0 server-100-1 server-100-2] 101:[server-101-0 server-101-1 server-101-2]]} map[] map[]} 30}
2025/05/24 11:30:58 0 repeat msg:{true {  Config 0 0 {2 [100 100 100 100 100 101 101 101 101 101] map[100:[server-100-0 server-100-1 server-100-2] 101:[server-101-0 server-101-1 server-101-2]]} map[] map[]} 30}
2025/05/24 11:30:58 2 repeat msg:{true {  Config 0 0 {2 [100 100 100 100 100 101 101 101 101 101] map[100:[server-100-0 server-100-1 server-100-2] 101:[server-101-0 server-101-1 server-101-2]]} map[] map[]} 30}
2025/05/24 11:30:58 0 apply receive msg:{true {  Config 0 0 {2 [100 100 100 100 100 101 101 101 101 101] map[100:[server-100-0 server-100-1 server-100-2] 101:[server-101-0 server-101-1 server-101-2]]} map[] map[]} 31}
2025/05/24 11:30:58 0 repeat msg:{true {  Config 0 0 {2 [100 100 100 100 100 101 101 101 101 101] map[100:[server-100-0 server-100-1 server-100-2] 101:[server-101-0 server-101-1 server-101-2]]} map[] map[]} 31}
2025/05/24 11:30:58 0 apply receive msg:{true {  Config 0 0 {2 [100 100 100 100 100 101 101 101 101 101] map[100:[server-100-0 server-100-1 server-100-2] 101:[server-101-0 server-101-1 server-101-2]]} map[] map[]} 31}
2025/05/24 11:30:58 0 repeat msg:{true {  Config 0 0 {2 [100 100 100 100 100 101 101 101 101 101] map[100:[server-100-0 server-100-1 server-100-2] 101:[server-101-0 server-101-1 server-101-2]]} map[] map[]} 31}
2025/05/24 11:30:58 3217617135988243607 cli begin PutAppend, 101
2025/05/24 11:30:58 1 recieve newConfig...kv.lastConfig:{1 [100 100 100 100 100 100 100 100 100 100] map[100:[server-100-0 server-100-1 server-100-2]]}, newConfig:{2 [100 100 100 100 100 101 101 101 101 101] map[100:[server-100-0 server-100-1 server-100-2] 101:[server-101-0 server-101-1 server-101-2]]}
2025/05/24 11:30:58 server 0 begin putAppend, kv.lastConfig:{1 [100 100 100 100 100 100 100 100 100 100] map[100:[server-100-0 server-100-1 server-100-2]]} key2shard(args.Key):8, kv.gid:101
2025/05/24 11:30:58 3217617135988243607 cli finish PutAppend, {ErrWrongGroup}
2025/05/24 11:30:58 1 apply receive msg:{true {  Config 0 0 {2 [100 100 100 100 100 101 101 101 101 101] map[100:[server-100-0 server-100-1 server-100-2] 101:[server-101-0 server-101-1 server-101-2]]} map[] map[]} 31}
2025/05/24 11:30:58 1 repeat msg:{true {  Config 0 0 {2 [100 100 100 100 100 101 101 101 101 101] map[100:[server-100-0 server-100-1 server-100-2] 101:[server-101-0 server-101-1 server-101-2]]} map[] map[]} 31}
2025/05/24 11:30:58 2 apply receive msg:{true {  Config 0 0 {2 [100 100 100 100 100 101 101 101 101 101] map[100:[server-100-0 server-100-1 server-100-2] 101:[server-101-0 server-101-1 server-101-2]]} map[] map[]} 31}
2025/05/24 11:30:58 1 apply receive msg:{true {  Config 0 0 {2 [100 100 100 100 100 101 101 101 101 101] map[100:[server-100-0 server-100-1 server-100-2] 101:[server-101-0 server-101-1 server-101-2]]} map[] map[]} 31}
2025/05/24 11:30:58 2 repeat msg:{true {  Config 0 0 {2 [100 100 100 100 100 101 101 101 101 101] map[100:[server-100-0 server-100-1 server-100-2] 101:[server-101-0 server-101-1 server-101-2]]} map[] map[]} 31}
2025/05/24 11:30:58 1 repeat msg:{true {  Config 0 0 {2 [100 100 100 100 100 101 101 101 101 101] map[100:[server-100-0 server-100-1 server-100-2] 101:[server-101-0 server-101-1 server-101-2]]} map[] map[]} 31}
2025/05/24 11:30:58 1 apply receive msg:{true {  Config 0 0 {2 [100 100 100 100 100 101 101 101 101 101] map[100:[server-100-0 server-100-1 server-100-2] 101:[server-101-0 server-101-1 server-101-2]]} map[] map[]} 31}
2025/05/24 11:30:58 1 repeat msg:{true {  Config 0 0 {2 [100 100 100 100 100 101 101 101 101 101] map[100:[server-100-0 server-100-1 server-100-2] 101:[server-101-0 server-101-1 server-101-2]]} map[] map[]} 31}
2025/05/24 11:30:58 2 apply receive msg:{true {  Config 0 0 {2 [100 100 100 100 100 101 101 101 101 101] map[100:[server-100-0 server-100-1 server-100-2] 101:[server-101-0 server-101-1 server-101-2]]} map[] map[]} 31}
2025/05/24 11:30:58 2 repeat msg:{true {  Config 0 0 {2 [100 100 100 100 100 101 101 101 101 101] map[100:[server-100-0 server-100-1 server-100-2] 101:[server-101-0 server-101-1 server-101-2]]} map[] map[]} 31}
2025/05/24 11:30:58 0 recieve newConfig...kv.lastConfig:{1 [100 100 100 100 100 100 100 100 100 100] map[100:[server-100-0 server-100-1 server-100-2]]}, newConfig:{2 [100 100 100 100 100 101 101 101 101 101] map[100:[server-100-0 server-100-1 server-100-2] 101:[server-101-0 server-101-1 server-101-2]]}
2025/05/24 11:30:58 0 recieve newConfig...kv.lastConfig:{1 [100 100 100 100 100 100 100 100 100 100] map[100:[server-100-0 server-100-1 server-100-2]]}, newConfig:{2 [100 100 100 100 100 101 101 101 101 101] map[100:[server-100-0 server-100-1 server-100-2] 101:[server-101-0 server-101-1 server-101-2]]}
2025/05/24 11:30:58 2 apply receive msg:{true {  Config 0 0 {2 [100 100 100 100 100 101 101 101 101 101] map[100:[server-100-0 server-100-1 server-100-2] 101:[server-101-0 server-101-1 server-101-2]]} map[] map[]} 31}
2025/05/24 11:30:58 0 apply receive msg:{true {  Config 0 0 {2 [100 100 100 100 100 101 101 101 101 101] map[100:[server-100-0 server-100-1 server-100-2] 101:[server-101-0 server-101-1 server-101-2]]} map[] map[]} 31}
2025/05/24 11:30:58 2 repeat msg:{true {  Config 0 0 {2 [100 100 100 100 100 101 101 101 101 101] map[100:[server-100-0 server-100-1 server-100-2] 101:[server-101-0 server-101-1 server-101-2]]} map[] map[]} 31}
2025/05/24 11:30:58 0 repeat msg:{true {  Config 0 0 {2 [100 100 100 100 100 101 101 101 101 101] map[100:[server-100-0 server-100-1 server-100-2] 101:[server-101-0 server-101-1 server-101-2]]} map[] map[]} 31}
2025/05/24 11:30:58 0 apply receive msg:{true {  Config 0 0 {2 [100 100 100 100 100 101 101 101 101 101] map[100:[server-100-0 server-100-1 server-100-2] 101:[server-101-0 server-101-1 server-101-2]]} map[] map[]} 32}
2025/05/24 11:30:58 0 repeat msg:{true {  Config 0 0 {2 [100 100 100 100 100 101 101 101 101 101] map[100:[server-100-0 server-100-1 server-100-2] 101:[server-101-0 server-101-1 server-101-2]]} map[] map[]} 32}
2025/05/24 11:30:58 0 apply receive msg:{true {  Config 0 0 {2 [100 100 100 100 100 101 101 101 101 101] map[100:[server-100-0 server-100-1 server-100-2] 101:[server-101-0 server-101-1 server-101-2]]} map[] map[]} 32}
2025/05/24 11:30:58 0 repeat msg:{true {  Config 0 0 {2 [100 100 100 100 100 101 101 101 101 101] map[100:[server-100-0 server-100-1 server-100-2] 101:[server-101-0 server-101-1 server-101-2]]} map[] map[]} 32}
2025/05/24 11:30:58 3217617135988243607 cli begin PutAppend, 101
2025/05/24 11:30:58 1 recieve newConfig...kv.lastConfig:{1 [100 100 100 100 100 100 100 100 100 100] map[100:[server-100-0 server-100-1 server-100-2]]}, newConfig:{2 [100 100 100 100 100 101 101 101 101 101] map[100:[server-100-0 server-100-1 server-100-2] 101:[server-101-0 server-101-1 server-101-2]]}
2025/05/24 11:30:58 server 0 begin putAppend, kv.lastConfig:{1 [100 100 100 100 100 100 100 100 100 100] map[100:[server-100-0 server-100-1 server-100-2]]} key2shard(args.Key):8, kv.gid:101
2025/05/24 11:30:58 3217617135988243607 cli finish PutAppend, {ErrWrongGroup}
2025/05/24 11:30:58 1 apply receive msg:{true {  Config 0 0 {2 [100 100 100 100 100 101 101 101 101 101] map[100:[server-100-0 server-100-1 server-100-2] 101:[server-101-0 server-101-1 server-101-2]]} map[] map[]} 32}
2025/05/24 11:30:58 1 repeat msg:{true {  Config 0 0 {2 [100 100 100 100 100 101 101 101 101 101] map[100:[server-100-0 server-100-1 server-100-2] 101:[server-101-0 server-101-1 server-101-2]]} map[] map[]} 32}
2025/05/24 11:30:58 2 apply receive msg:{true {  Config 0 0 {2 [100 100 100 100 100 101 101 101 101 101] map[100:[server-100-0 server-100-1 server-100-2] 101:[server-101-0 server-101-1 server-101-2]]} map[] map[]} 32}
2025/05/24 11:30:58 1 apply receive msg:{true {  Config 0 0 {2 [100 100 100 100 100 101 101 101 101 101] map[100:[server-100-0 server-100-1 server-100-2] 101:[server-101-0 server-101-1 server-101-2]]} map[] map[]} 32}
2025/05/24 11:30:58 2 repeat msg:{true {  Config 0 0 {2 [100 100 100 100 100 101 101 101 101 101] map[100:[server-100-0 server-100-1 server-100-2] 101:[server-101-0 server-101-1 server-101-2]]} map[] map[]} 32}
2025/05/24 11:30:58 1 repeat msg:{true {  Config 0 0 {2 [100 100 100 100 100 101 101 101 101 101] map[100:[server-100-0 server-100-1 server-100-2] 101:[server-101-0 server-101-1 server-101-2]]} map[] map[]} 32}
2025/05/24 11:30:58 2 apply receive msg:{true {  Config 0 0 {2 [100 100 100 100 100 101 101 101 101 101] map[100:[server-100-0 server-100-1 server-100-2] 101:[server-101-0 server-101-1 server-101-2]]} map[] map[]} 32}
2025/05/24 11:30:58 1 apply receive msg:{true {  Config 0 0 {2 [100 100 100 100 100 101 101 101 101 101] map[100:[server-100-0 server-100-1 server-100-2] 101:[server-101-0 server-101-1 server-101-2]]} map[] map[]} 32}
2025/05/24 11:30:58 2 repeat msg:{true {  Config 0 0 {2 [100 100 100 100 100 101 101 101 101 101] map[100:[server-100-0 server-100-1 server-100-2] 101:[server-101-0 server-101-1 server-101-2]]} map[] map[]} 32}
2025/05/24 11:30:58 1 repeat msg:{true {  Config 0 0 {2 [100 100 100 100 100 101 101 101 101 101] map[100:[server-100-0 server-100-1 server-100-2] 101:[server-101-0 server-101-1 server-101-2]]} map[] map[]} 32}
2025/05/24 11:30:58 0 recieve newConfig...kv.lastConfig:{1 [100 100 100 100 100 100 100 100 100 100] map[100:[server-100-0 server-100-1 server-100-2]]}, newConfig:{2 [100 100 100 100 100 101 101 101 101 101] map[100:[server-100-0 server-100-1 server-100-2] 101:[server-101-0 server-101-1 server-101-2]]}
2025/05/24 11:30:58 0 recieve newConfig...kv.lastConfig:{1 [100 100 100 100 100 100 100 100 100 100] map[100:[server-100-0 server-100-1 server-100-2]]}, newConfig:{2 [100 100 100 100 100 101 101 101 101 101] map[100:[server-100-0 server-100-1 server-100-2] 101:[server-101-0 server-101-1 server-101-2]]}
2025/05/24 11:30:58 0 apply receive msg:{true {  Config 0 0 {2 [100 100 100 100 100 101 101 101 101 101] map[100:[server-100-0 server-100-1 server-100-2] 101:[server-101-0 server-101-1 server-101-2]]} map[] map[]} 32}
2025/05/24 11:30:58 2 apply receive msg:{true {  Config 0 0 {2 [100 100 100 100 100 101 101 101 101 101] map[100:[server-100-0 server-100-1 server-100-2] 101:[server-101-0 server-101-1 server-101-2]]} map[] map[]} 32}
2025/05/24 11:30:58 0 repeat msg:{true {  Config 0 0 {2 [100 100 100 100 100 101 101 101 101 101] map[100:[server-100-0 server-100-1 server-100-2] 101:[server-101-0 server-101-1 server-101-2]]} map[] map[]} 32}
2025/05/24 11:30:58 2 repeat msg:{true {  Config 0 0 {2 [100 100 100 100 100 101 101 101 101 101] map[100:[server-100-0 server-100-1 server-100-2] 101:[server-101-0 server-101-1 server-101-2]]} map[] map[]} 32}
2025/05/24 11:30:58 0 apply receive msg:{true {  Config 0 0 {2 [100 100 100 100 100 101 101 101 101 101] map[100:[server-100-0 server-100-1 server-100-2] 101:[server-101-0 server-101-1 server-101-2]]} map[] map[]} 33}
2025/05/24 11:30:58 0 repeat msg:{true {  Config 0 0 {2 [100 100 100 100 100 101 101 101 101 101] map[100:[server-100-0 server-100-1 server-100-2] 101:[server-101-0 server-101-1 server-101-2]]} map[] map[]} 33}
2025/05/24 11:30:59 0 apply receive msg:{true {  Config 0 0 {2 [100 100 100 100 100 101 101 101 101 101] map[100:[server-100-0 server-100-1 server-100-2] 101:[server-101-0 server-101-1 server-101-2]]} map[] map[]} 33}
2025/05/24 11:30:59 0 repeat msg:{true {  Config 0 0 {2 [100 100 100 100 100 101 101 101 101 101] map[100:[server-100-0 server-100-1 server-100-2] 101:[server-101-0 server-101-1 server-101-2]]} map[] map[]} 33}
2025/05/24 11:30:59 3217617135988243607 cli begin PutAppend, 101
2025/05/24 11:30:59 1 recieve newConfig...kv.lastConfig:{1 [100 100 100 100 100 100 100 100 100 100] map[100:[server-100-0 server-100-1 server-100-2]]}, newConfig:{2 [100 100 100 100 100 101 101 101 101 101] map[100:[server-100-0 server-100-1 server-100-2] 101:[server-101-0 server-101-1 server-101-2]]}
2025/05/24 11:30:59 server 0 begin putAppend, kv.lastConfig:{1 [100 100 100 100 100 100 100 100 100 100] map[100:[server-100-0 server-100-1 server-100-2]]} key2shard(args.Key):8, kv.gid:101
2025/05/24 11:30:59 3217617135988243607 cli finish PutAppend, {ErrWrongGroup}
2025/05/24 11:30:59 1 apply receive msg:{true {  Config 0 0 {2 [100 100 100 100 100 101 101 101 101 101] map[100:[server-100-0 server-100-1 server-100-2] 101:[server-101-0 server-101-1 server-101-2]]} map[] map[]} 33}
2025/05/24 11:30:59 1 repeat msg:{true {  Config 0 0 {2 [100 100 100 100 100 101 101 101 101 101] map[100:[server-100-0 server-100-1 server-100-2] 101:[server-101-0 server-101-1 server-101-2]]} map[] map[]} 33}
2025/05/24 11:30:59 1 apply receive msg:{true {  Config 0 0 {2 [100 100 100 100 100 101 101 101 101 101] map[100:[server-100-0 server-100-1 server-100-2] 101:[server-101-0 server-101-1 server-101-2]]} map[] map[]} 33}
2025/05/24 11:30:59 2 apply receive msg:{true {  Config 0 0 {2 [100 100 100 100 100 101 101 101 101 101] map[100:[server-100-0 server-100-1 server-100-2] 101:[server-101-0 server-101-1 server-101-2]]} map[] map[]} 33}
2025/05/24 11:30:59 1 repeat msg:{true {  Config 0 0 {2 [100 100 100 100 100 101 101 101 101 101] map[100:[server-100-0 server-100-1 server-100-2] 101:[server-101-0 server-101-1 server-101-2]]} map[] map[]} 33}
2025/05/24 11:30:59 2 repeat msg:{true {  Config 0 0 {2 [100 100 100 100 100 101 101 101 101 101] map[100:[server-100-0 server-100-1 server-100-2] 101:[server-101-0 server-101-1 server-101-2]]} map[] map[]} 33}
2025/05/24 11:30:59 1 apply receive msg:{true {  Config 0 0 {2 [100 100 100 100 100 101 101 101 101 101] map[100:[server-100-0 server-100-1 server-100-2] 101:[server-101-0 server-101-1 server-101-2]]} map[] map[]} 33}
2025/05/24 11:30:59 2 apply receive msg:{true {  Config 0 0 {2 [100 100 100 100 100 101 101 101 101 101] map[100:[server-100-0 server-100-1 server-100-2] 101:[server-101-0 server-101-1 server-101-2]]} map[] map[]} 33}
2025/05/24 11:30:59 1 repeat msg:{true {  Config 0 0 {2 [100 100 100 100 100 101 101 101 101 101] map[100:[server-100-0 server-100-1 server-100-2] 101:[server-101-0 server-101-1 server-101-2]]} map[] map[]} 33}
2025/05/24 11:30:59 2 repeat msg:{true {  Config 0 0 {2 [100 100 100 100 100 101 101 101 101 101] map[100:[server-100-0 server-100-1 server-100-2] 101:[server-101-0 server-101-1 server-101-2]]} map[] map[]} 33}
2025/05/24 11:30:59 0 recieve newConfig...kv.lastConfig:{1 [100 100 100 100 100 100 100 100 100 100] map[100:[server-100-0 server-100-1 server-100-2]]}, newConfig:{2 [100 100 100 100 100 101 101 101 101 101] map[100:[server-100-0 server-100-1 server-100-2] 101:[server-101-0 server-101-1 server-101-2]]}
2025/05/24 11:30:59 0 recieve newConfig...kv.lastConfig:{1 [100 100 100 100 100 100 100 100 100 100] map[100:[server-100-0 server-100-1 server-100-2]]}, newConfig:{2 [100 100 100 100 100 101 101 101 101 101] map[100:[server-100-0 server-100-1 server-100-2] 101:[server-101-0 server-101-1 server-101-2]]}
2025/05/24 11:30:59 0 apply receive msg:{true {  Config 0 0 {2 [100 100 100 100 100 101 101 101 101 101] map[100:[server-100-0 server-100-1 server-100-2] 101:[server-101-0 server-101-1 server-101-2]]} map[] map[]} 33}
2025/05/24 11:30:59 2 apply receive msg:{true {  Config 0 0 {2 [100 100 100 100 100 101 101 101 101 101] map[100:[server-100-0 server-100-1 server-100-2] 101:[server-101-0 server-101-1 server-101-2]]} map[] map[]} 33}
2025/05/24 11:30:59 0 repeat msg:{true {  Config 0 0 {2 [100 100 100 100 100 101 101 101 101 101] map[100:[server-100-0 server-100-1 server-100-2] 101:[server-101-0 server-101-1 server-101-2]]} map[] map[]} 33}
2025/05/24 11:30:59 2 repeat msg:{true {  Config 0 0 {2 [100 100 100 100 100 101 101 101 101 101] map[100:[server-100-0 server-100-1 server-100-2] 101:[server-101-0 server-101-1 server-101-2]]} map[] map[]} 33}
2025/05/24 11:30:59 0 apply receive msg:{true {  Config 0 0 {2 [100 100 100 100 100 101 101 101 101 101] map[100:[server-100-0 server-100-1 server-100-2] 101:[server-101-0 server-101-1 server-101-2]]} map[] map[]} 34}
2025/05/24 11:30:59 0 repeat msg:{true {  Config 0 0 {2 [100 100 100 100 100 101 101 101 101 101] map[100:[server-100-0 server-100-1 server-100-2] 101:[server-101-0 server-101-1 server-101-2]]} map[] map[]} 34}
2025/05/24 11:30:59 0 apply receive msg:{true {  Config 0 0 {2 [100 100 100 100 100 101 101 101 101 101] map[100:[server-100-0 server-100-1 server-100-2] 101:[server-101-0 server-101-1 server-101-2]]} map[] map[]} 34}
2025/05/24 11:30:59 0 repeat msg:{true {  Config 0 0 {2 [100 100 100 100 100 101 101 101 101 101] map[100:[server-100-0 server-100-1 server-100-2] 101:[server-101-0 server-101-1 server-101-2]]} map[] map[]} 34}
2025/05/24 11:30:59 3217617135988243607 cli begin PutAppend, 101
2025/05/24 11:30:59 1 recieve newConfig...kv.lastConfig:{1 [100 100 100 100 100 100 100 100 100 100] map[100:[server-100-0 server-100-1 server-100-2]]}, newConfig:{2 [100 100 100 100 100 101 101 101 101 101] map[100:[server-100-0 server-100-1 server-100-2] 101:[server-101-0 server-101-1 server-101-2]]}
2025/05/24 11:30:59 server 0 begin putAppend, kv.lastConfig:{1 [100 100 100 100 100 100 100 100 100 100] map[100:[server-100-0 server-100-1 server-100-2]]} key2shard(args.Key):8, kv.gid:101
2025/05/24 11:30:59 3217617135988243607 cli finish PutAppend, {ErrWrongGroup}
2025/05/24 11:30:59 1 apply receive msg:{true {  Config 0 0 {2 [100 100 100 100 100 101 101 101 101 101] map[100:[server-100-0 server-100-1 server-100-2] 101:[server-101-0 server-101-1 server-101-2]]} map[] map[]} 34}
2025/05/24 11:30:59 1 repeat msg:{true {  Config 0 0 {2 [100 100 100 100 100 101 101 101 101 101] map[100:[server-100-0 server-100-1 server-100-2] 101:[server-101-0 server-101-1 server-101-2]]} map[] map[]} 34}
2025/05/24 11:30:59 2 apply receive msg:{true {  Config 0 0 {2 [100 100 100 100 100 101 101 101 101 101] map[100:[server-100-0 server-100-1 server-100-2] 101:[server-101-0 server-101-1 server-101-2]]} map[] map[]} 34}
2025/05/24 11:30:59 1 apply receive msg:{true {  Config 0 0 {2 [100 100 100 100 100 101 101 101 101 101] map[100:[server-100-0 server-100-1 server-100-2] 101:[server-101-0 server-101-1 server-101-2]]} map[] map[]} 34}
2025/05/24 11:30:59 2 repeat msg:{true {  Config 0 0 {2 [100 100 100 100 100 101 101 101 101 101] map[100:[server-100-0 server-100-1 server-100-2] 101:[server-101-0 server-101-1 server-101-2]]} map[] map[]} 34}
2025/05/24 11:30:59 1 repeat msg:{true {  Config 0 0 {2 [100 100 100 100 100 101 101 101 101 101] map[100:[server-100-0 server-100-1 server-100-2] 101:[server-101-0 server-101-1 server-101-2]]} map[] map[]} 34}
2025/05/24 11:30:59 1 apply receive msg:{true {  Config 0 0 {2 [100 100 100 100 100 101 101 101 101 101] map[100:[server-100-0 server-100-1 server-100-2] 101:[server-101-0 server-101-1 server-101-2]]} map[] map[]} 34}
2025/05/24 11:30:59 2 apply receive msg:{true {  Config 0 0 {2 [100 100 100 100 100 101 101 101 101 101] map[100:[server-100-0 server-100-1 server-100-2] 101:[server-101-0 server-101-1 server-101-2]]} map[] map[]} 34}
2025/05/24 11:30:59 1 repeat msg:{true {  Config 0 0 {2 [100 100 100 100 100 101 101 101 101 101] map[100:[server-100-0 server-100-1 server-100-2] 101:[server-101-0 server-101-1 server-101-2]]} map[] map[]} 34}
2025/05/24 11:30:59 2 repeat msg:{true {  Config 0 0 {2 [100 100 100 100 100 101 101 101 101 101] map[100:[server-100-0 server-100-1 server-100-2] 101:[server-101-0 server-101-1 server-101-2]]} map[] map[]} 34}
2025/05/24 11:30:59 0 recieve newConfig...kv.lastConfig:{1 [100 100 100 100 100 100 100 100 100 100] map[100:[server-100-0 server-100-1 server-100-2]]}, newConfig:{2 [100 100 100 100 100 101 101 101 101 101] map[100:[server-100-0 server-100-1 server-100-2] 101:[server-101-0 server-101-1 server-101-2]]}
2025/05/24 11:30:59 0 recieve newConfig...kv.lastConfig:{1 [100 100 100 100 100 100 100 100 100 100] map[100:[server-100-0 server-100-1 server-100-2]]}, newConfig:{2 [100 100 100 100 100 101 101 101 101 101] map[100:[server-100-0 server-100-1 server-100-2] 101:[server-101-0 server-101-1 server-101-2]]}
2025/05/24 11:30:59 2 apply receive msg:{true {  Config 0 0 {2 [100 100 100 100 100 101 101 101 101 101] map[100:[server-100-0 server-100-1 server-100-2] 101:[server-101-0 server-101-1 server-101-2]]} map[] map[]} 34}
2025/05/24 11:30:59 0 apply receive msg:{true {  Config 0 0 {2 [100 100 100 100 100 101 101 101 101 101] map[100:[server-100-0 server-100-1 server-100-2] 101:[server-101-0 server-101-1 server-101-2]]} map[] map[]} 34}
2025/05/24 11:30:59 2 repeat msg:{true {  Config 0 0 {2 [100 100 100 100 100 101 101 101 101 101] map[100:[server-100-0 server-100-1 server-100-2] 101:[server-101-0 server-101-1 server-101-2]]} map[] map[]} 34}
2025/05/24 11:30:59 0 repeat msg:{true {  Config 0 0 {2 [100 100 100 100 100 101 101 101 101 101] map[100:[server-100-0 server-100-1 server-100-2] 101:[server-101-0 server-101-1 server-101-2]]} map[] map[]} 34}
2025/05/24 11:30:59 0 apply receive msg:{true {  Config 0 0 {2 [100 100 100 100 100 101 101 101 101 101] map[100:[server-100-0 server-100-1 server-100-2] 101:[server-101-0 server-101-1 server-101-2]]} map[] map[]} 35}
2025/05/24 11:30:59 0 repeat msg:{true {  Config 0 0 {2 [100 100 100 100 100 101 101 101 101 101] map[100:[server-100-0 server-100-1 server-100-2] 101:[server-101-0 server-101-1 server-101-2]]} map[] map[]} 35}
2025/05/24 11:30:59 0 apply receive msg:{true {  Config 0 0 {2 [100 100 100 100 100 101 101 101 101 101] map[100:[server-100-0 server-100-1 server-100-2] 101:[server-101-0 server-101-1 server-101-2]]} map[] map[]} 35}
2025/05/24 11:30:59 0 repeat msg:{true {  Config 0 0 {2 [100 100 100 100 100 101 101 101 101 101] map[100:[server-100-0 server-100-1 server-100-2] 101:[server-101-0 server-101-1 server-101-2]]} map[] map[]} 35}
2025/05/24 11:30:59 3217617135988243607 cli begin PutAppend, 101
2025/05/24 11:30:59 1 recieve newConfig...kv.lastConfig:{1 [100 100 100 100 100 100 100 100 100 100] map[100:[server-100-0 server-100-1 server-100-2]]}, newConfig:{2 [100 100 100 100 100 101 101 101 101 101] map[100:[server-100-0 server-100-1 server-100-2] 101:[server-101-0 server-101-1 server-101-2]]}
2025/05/24 11:30:59 server 0 begin putAppend, kv.lastConfig:{1 [100 100 100 100 100 100 100 100 100 100] map[100:[server-100-0 server-100-1 server-100-2]]} key2shard(args.Key):8, kv.gid:101
2025/05/24 11:30:59 3217617135988243607 cli finish PutAppend, {ErrWrongGroup}
2025/05/24 11:30:59 1 apply receive msg:{true {  Config 0 0 {2 [100 100 100 100 100 101 101 101 101 101] map[100:[server-100-0 server-100-1 server-100-2] 101:[server-101-0 server-101-1 server-101-2]]} map[] map[]} 35}
2025/05/24 11:30:59 1 repeat msg:{true {  Config 0 0 {2 [100 100 100 100 100 101 101 101 101 101] map[100:[server-100-0 server-100-1 server-100-2] 101:[server-101-0 server-101-1 server-101-2]]} map[] map[]} 35}
2025/05/24 11:30:59 1 apply receive msg:{true {  Config 0 0 {2 [100 100 100 100 100 101 101 101 101 101] map[100:[server-100-0 server-100-1 server-100-2] 101:[server-101-0 server-101-1 server-101-2]]} map[] map[]} 35}
2025/05/24 11:30:59 2 apply receive msg:{true {  Config 0 0 {2 [100 100 100 100 100 101 101 101 101 101] map[100:[server-100-0 server-100-1 server-100-2] 101:[server-101-0 server-101-1 server-101-2]]} map[] map[]} 35}
2025/05/24 11:30:59 1 repeat msg:{true {  Config 0 0 {2 [100 100 100 100 100 101 101 101 101 101] map[100:[server-100-0 server-100-1 server-100-2] 101:[server-101-0 server-101-1 server-101-2]]} map[] map[]} 35}
2025/05/24 11:30:59 2 repeat msg:{true {  Config 0 0 {2 [100 100 100 100 100 101 101 101 101 101] map[100:[server-100-0 server-100-1 server-100-2] 101:[server-101-0 server-101-1 server-101-2]]} map[] map[]} 35}
2025/05/24 11:30:59 2 apply receive msg:{true {  Config 0 0 {2 [100 100 100 100 100 101 101 101 101 101] map[100:[server-100-0 server-100-1 server-100-2] 101:[server-101-0 server-101-1 server-101-2]]} map[] map[]} 35}
2025/05/24 11:30:59 1 apply receive msg:{true {  Config 0 0 {2 [100 100 100 100 100 101 101 101 101 101] map[100:[server-100-0 server-100-1 server-100-2] 101:[server-101-0 server-101-1 server-101-2]]} map[] map[]} 35}
2025/05/24 11:30:59 2 repeat msg:{true {  Config 0 0 {2 [100 100 100 100 100 101 101 101 101 101] map[100:[server-100-0 server-100-1 server-100-2] 101:[server-101-0 server-101-1 server-101-2]]} map[] map[]} 35}
2025/05/24 11:30:59 1 repeat msg:{true {  Config 0 0 {2 [100 100 100 100 100 101 101 101 101 101] map[100:[server-100-0 server-100-1 server-100-2] 101:[server-101-0 server-101-1 server-101-2]]} map[] map[]} 35}
2025/05/24 11:30:59 0 recieve newConfig...kv.lastConfig:{1 [100 100 100 100 100 100 100 100 100 100] map[100:[server-100-0 server-100-1 server-100-2]]}, newConfig:{2 [100 100 100 100 100 101 101 101 101 101] map[100:[server-100-0 server-100-1 server-100-2] 101:[server-101-0 server-101-1 server-101-2]]}
2025/05/24 11:30:59 0 recieve newConfig...kv.lastConfig:{1 [100 100 100 100 100 100 100 100 100 100] map[100:[server-100-0 server-100-1 server-100-2]]}, newConfig:{2 [100 100 100 100 100 101 101 101 101 101] map[100:[server-100-0 server-100-1 server-100-2] 101:[server-101-0 server-101-1 server-101-2]]}
2025/05/24 11:30:59 2 apply receive msg:{true {  Config 0 0 {2 [100 100 100 100 100 101 101 101 101 101] map[100:[server-100-0 server-100-1 server-100-2] 101:[server-101-0 server-101-1 server-101-2]]} map[] map[]} 35}
2025/05/24 11:30:59 0 apply receive msg:{true {  Config 0 0 {2 [100 100 100 100 100 101 101 101 101 101] map[100:[server-100-0 server-100-1 server-100-2] 101:[server-101-0 server-101-1 server-101-2]]} map[] map[]} 35}
2025/05/24 11:30:59 2 repeat msg:{true {  Config 0 0 {2 [100 100 100 100 100 101 101 101 101 101] map[100:[server-100-0 server-100-1 server-100-2] 101:[server-101-0 server-101-1 server-101-2]]} map[] map[]} 35}
2025/05/24 11:30:59 0 repeat msg:{true {  Config 0 0 {2 [100 100 100 100 100 101 101 101 101 101] map[100:[server-100-0 server-100-1 server-100-2] 101:[server-101-0 server-101-1 server-101-2]]} map[] map[]} 35}
2025/05/24 11:30:59 0 apply receive msg:{true {  Config 0 0 {2 [100 100 100 100 100 101 101 101 101 101] map[100:[server-100-0 server-100-1 server-100-2] 101:[server-101-0 server-101-1 server-101-2]]} map[] map[]} 36}
2025/05/24 11:30:59 0 repeat msg:{true {  Config 0 0 {2 [100 100 100 100 100 101 101 101 101 101] map[100:[server-100-0 server-100-1 server-100-2] 101:[server-101-0 server-101-1 server-101-2]]} map[] map[]} 36}
2025/05/24 11:30:59 0 apply receive msg:{true {  Config 0 0 {2 [100 100 100 100 100 101 101 101 101 101] map[100:[server-100-0 server-100-1 server-100-2] 101:[server-101-0 server-101-1 server-101-2]]} map[] map[]} 36}
2025/05/24 11:30:59 0 repeat msg:{true {  Config 0 0 {2 [100 100 100 100 100 101 101 101 101 101] map[100:[server-100-0 server-100-1 server-100-2] 101:[server-101-0 server-101-1 server-101-2]]} map[] map[]} 36}
2025/05/24 11:30:59 3217617135988243607 cli begin PutAppend, 101
2025/05/24 11:30:59 1 recieve newConfig...kv.lastConfig:{1 [100 100 100 100 100 100 100 100 100 100] map[100:[server-100-0 server-100-1 server-100-2]]}, newConfig:{2 [100 100 100 100 100 101 101 101 101 101] map[100:[server-100-0 server-100-1 server-100-2] 101:[server-101-0 server-101-1 server-101-2]]}
2025/05/24 11:30:59 server 0 begin putAppend, kv.lastConfig:{1 [100 100 100 100 100 100 100 100 100 100] map[100:[server-100-0 server-100-1 server-100-2]]} key2shard(args.Key):8, kv.gid:101
2025/05/24 11:30:59 3217617135988243607 cli finish PutAppend, {ErrWrongGroup}
2025/05/24 11:30:59 1 apply receive msg:{true {  Config 0 0 {2 [100 100 100 100 100 101 101 101 101 101] map[100:[server-100-0 server-100-1 server-100-2] 101:[server-101-0 server-101-1 server-101-2]]} map[] map[]} 36}
2025/05/24 11:30:59 1 repeat msg:{true {  Config 0 0 {2 [100 100 100 100 100 101 101 101 101 101] map[100:[server-100-0 server-100-1 server-100-2] 101:[server-101-0 server-101-1 server-101-2]]} map[] map[]} 36}
2025/05/24 11:30:59 1 apply receive msg:{true {  Config 0 0 {2 [100 100 100 100 100 101 101 101 101 101] map[100:[server-100-0 server-100-1 server-100-2] 101:[server-101-0 server-101-1 server-101-2]]} map[] map[]} 36}
2025/05/24 11:30:59 2 apply receive msg:{true {  Config 0 0 {2 [100 100 100 100 100 101 101 101 101 101] map[100:[server-100-0 server-100-1 server-100-2] 101:[server-101-0 server-101-1 server-101-2]]} map[] map[]} 36}
2025/05/24 11:30:59 1 repeat msg:{true {  Config 0 0 {2 [100 100 100 100 100 101 101 101 101 101] map[100:[server-100-0 server-100-1 server-100-2] 101:[server-101-0 server-101-1 server-101-2]]} map[] map[]} 36}
2025/05/24 11:30:59 2 repeat msg:{true {  Config 0 0 {2 [100 100 100 100 100 101 101 101 101 101] map[100:[server-100-0 server-100-1 server-100-2] 101:[server-101-0 server-101-1 server-101-2]]} map[] map[]} 36}
2025/05/24 11:30:59 1 apply receive msg:{true {  Config 0 0 {2 [100 100 100 100 100 101 101 101 101 101] map[100:[server-100-0 server-100-1 server-100-2] 101:[server-101-0 server-101-1 server-101-2]]} map[] map[]} 36}
2025/05/24 11:30:59 2 apply receive msg:{true {  Config 0 0 {2 [100 100 100 100 100 101 101 101 101 101] map[100:[server-100-0 server-100-1 server-100-2] 101:[server-101-0 server-101-1 server-101-2]]} map[] map[]} 36}
2025/05/24 11:30:59 1 repeat msg:{true {  Config 0 0 {2 [100 100 100 100 100 101 101 101 101 101] map[100:[server-100-0 server-100-1 server-100-2] 101:[server-101-0 server-101-1 server-101-2]]} map[] map[]} 36}
2025/05/24 11:30:59 2 repeat msg:{true {  Config 0 0 {2 [100 100 100 100 100 101 101 101 101 101] map[100:[server-100-0 server-100-1 server-100-2] 101:[server-101-0 server-101-1 server-101-2]]} map[] map[]} 36}
2025/05/24 11:30:59 0 recieve newConfig...kv.lastConfig:{1 [100 100 100 100 100 100 100 100 100 100] map[100:[server-100-0 server-100-1 server-100-2]]}, newConfig:{2 [100 100 100 100 100 101 101 101 101 101] map[100:[server-100-0 server-100-1 server-100-2] 101:[server-101-0 server-101-1 server-101-2]]}
2025/05/24 11:30:59 0 recieve newConfig...kv.lastConfig:{1 [100 100 100 100 100 100 100 100 100 100] map[100:[server-100-0 server-100-1 server-100-2]]}, newConfig:{2 [100 100 100 100 100 101 101 101 101 101] map[100:[server-100-0 server-100-1 server-100-2] 101:[server-101-0 server-101-1 server-101-2]]}
signal: interrupt
FAIL	_/Users/moon/GolandProjects/6.824/src/shardkv	6.469s
